date,offer_id,total_conversions,approved_conversions,rejected_conversions,approval_rate_pct,gross_revenue_vnd,publisher_payout_vnd,gross_margin_vnd
2026-08-01,OFF_CPS_01,1,0,1,0.0,0.0,0.0,0.0
2026-08-01,OFF_FIN_08,3,1,1,33.33,400000.0,290000.0,110000.0
2026-08-01,OFF_FIN_05,2,1,1,50.0,110000.0,80000.0,30000.0
2026-08-01,OFF_FIN_06,2,1,0,50.0,290000.0,210000.0,80000.0
2026-08-01,OFF_CPO_05,3,1,0,33.33,260000.0,180000.0,80000.0
2026-08-01,OFF_CPO_01,2,1,1,50.0,310000.0,220000.0,90000.0
2026-08-01,OFF_CPO_02,2,0,2,0.0,0.0,0.0,0.0
2026-08-01,OFF_FIN_03,1,1,0,100.0,145000.0,105000.0,40000.0
2026-08-01,OFF_FIN_04,1,1,0,100.0,480000.0,350000.0,130000.0
2026-08-01,OFF_CPI_01,1,1,0,100.0,45000.0,30000.0,15000.0
2026-08-01,OFF_CPO_03,1,0,1,0.0,0.0,0.0,0.0
2026-08-01,OFF_CPS_02,1,1,0,100.0,90000.0,65000.0,25000.0
2026-08-02,OFF_FIN_02,1,0,1,0.0,0.0,0.0,0.0
2026-08-02,OFF_CPS_01,2,2,0,100.0,150000.0,100000.0,50000.0
2026-08-02,OFF_CPO_01,3,0,2,0.0,0.0,0.0,0.0
2026-08-02,OFF_FIN_07,2,0,1,0.0,0.0,0.0,0.0
2026-08-02,OFF_CPO_02,1,1,0,100.0,280000.0,195000.0,85000.0
2026-08-02,OFF_FIN_06,2,0,1,0.0,0.0,0.0,0.0
2026-08-02,OFF_FIN_05,2,1,1,50.0,110000.0,80000.0,30000.0
2026-08-02,OFF_CPO_03,4,2,1,50.0,660000.0,480000.0,180000.0
2026-08-02,OFF_FIN_01,1,0,1,0.0,0.0,0.0,0.0
2026-08-02,OFF_CPO_04,2,0,1,0.0,0.0,0.0,0.0
2026-08-02,OFF_FIN_04,1,1,0,100.0,480000.0,350000.0,130000.0
2026-08-02,OFF_FIN_03,2,2,0,100.0,290000.0,210000.0,80000.0
2026-08-02,OFF_CPO_05,2,0,0,0.0,0.0,0.0,0.0
2026-08-03,OFF_CPS_01,3,0,3,0.0,0.0,0.0,0.0
2026-08-03,OFF_FIN_01,1,0,0,0.0,0.0,0.0,0.0
2026-08-03,OFF_CPI_01,4,4,0,100.0,180000.0,120000.0,60000.0
2026-08-03,OFF_CPS_02,4,2,2,50.0,180000.0,130000.0,50000.0
2026-08-03,OFF_CPO_02,2,2,0,100.0,560000.0,390000.0,170000.0
2026-08-03,OFF_CPO_04,1,0,0,0.0,0.0,0.0,0.0
2026-08-03,OFF_FIN_06,3,3,0,100.0,870000.0,630000.0,240000.0
2026-08-03,OFF_CPO_03,1,0,0,0.0,0.0,0.0,0.0
2026-08-03,OFF_FIN_04,2,1,0,50.0,480000.0,350000.0,130000.0
2026-08-03,OFF_FIN_08,1,0,1,0.0,0.0,0.0,0.0
2026-08-03,OFF_FIN_05,1,1,0,100.0,110000.0,80000.0,30000.0
2026-08-03,OFF_FIN_07,1,0,0,0.0,0.0,0.0,0.0
2026-08-03,OFF_FIN_02,1,1,0,100.0,130000.0,95000.0,35000.0
2026-08-04,OFF_FIN_04,1,1,0,100.0,480000.0,350000.0,130000.0
2026-08-04,OFF_CPO_04,1,1,0,100.0,350000.0,250000.0,100000.0
2026-08-04,OFF_CPS_02,4,3,0,75.0,270000.0,195000.0,75000.0
2026-08-04,OFF_FIN_06,2,0,1,0.0,0.0,0.0,0.0
2026-08-04,OFF_FIN_07,1,0,0,0.0,0.0,0.0,0.0
2026-08-04,OFF_CPO_05,3,2,0,66.67,520000.0,360000.0,160000.0
2026-08-04,OFF_CPO_01,1,0,0,0.0,0.0,0.0,0.0
2026-08-04,OFF_FIN_01,1,0,1,0.0,0.0,0.0,0.0
2026-08-04,OFF_CPS_01,1,1,0,100.0,75000.0,50000.0,25000.0
2026-08-05,OFF_FIN_05,4,3,1,75.0,330000.0,240000.0,90000.0
2026-08-05,OFF_CPO_01,2,2,0,100.0,620000.0,440000.0,180000.0
2026-08-05,OFF_CPS_01,2,2,0,100.0,150000.0,100000.0,50000.0
2026-08-05,OFF_FIN_06,2,1,0,50.0,290000.0,210000.0,80000.0
2026-08-05,OFF_CPO_04,2,0,2,0.0,0.0,0.0,0.0
2026-08-05,OFF_FIN_07,2,0,2,0.0,0.0,0.0,0.0
2026-08-05,OFF_FIN_02,3,0,2,0.0,0.0,0.0,0.0
2026-08-05,OFF_CPO_03,1,0,1,0.0,0.0,0.0,0.0
2026-08-05,OFF_CPO_02,1,0,1,0.0,0.0,0.0,0.0
2026-08-05,OFF_CPS_02,2,2,0,100.0,180000.0,130000.0,50000.0
2026-08-05,OFF_FIN_01,1,1,0,100.0,420000.0,310000.0,110000.0
2026-08-05,OFF_FIN_08,1,0,0,0.0,0.0,0.0,0.0
2026-08-05,OFF_CPI_01,1,1,0,100.0,45000.0,30000.0,15000.0
2026-08-06,OFF_CPS_01,1,1,0,100.0,75000.0,50000.0,25000.0
2026-08-06,OFF_FIN_07,2,1,0,50.0,320000.0,230000.0,90000.0
2026-08-06,OFF_CPS_02,2,1,1,50.0,90000.0,65000.0,25000.0
2026-08-06,OFF_FIN_02,1,1,0,100.0,130000.0,95000.0,35000.0
2026-08-06,OFF_CPO_04,2,1,0,50.0,350000.0,250000.0,100000.0
2026-08-06,OFF_CPO_01,2,1,1,50.0,310000.0,220000.0,90000.0
2026-08-06,OFF_FIN_01,1,0,0,0.0,0.0,0.0,0.0
2026-08-06,OFF_FIN_03,1,1,0,100.0,145000.0,105000.0,40000.0
2026-08-06,OFF_CPO_03,1,0,0,0.0,0.0,0.0,0.0
2026-08-06,OFF_FIN_05,1,1,0,100.0,110000.0,80000.0,30000.0
2026-08-06,OFF_FIN_08,1,1,0,100.0,400000.0,290000.0,110000.0
2026-08-06,OFF_CPO_05,1,1,0,100.0,260000.0,180000.0,80000.0
2026-08-06,OFF_CPI_01,1,1,0,100.0,45000.0,30000.0,15000.0
2026-08-07,OFF_CPO_01,3,1,2,33.33,310000.0,220000.0,90000.0
2026-08-07,OFF_CPI_01,1,0,1,0.0,0.0,0.0,0.0
2026-08-07,OFF_CPO_02,2,0,2,0.0,0.0,0.0,0.0
2026-08-07,OFF_CPO_04,2,1,1,50.0,350000.0,250000.0,100000.0
2026-08-07,OFF_FIN_05,3,2,1,66.67,220000.0,160000.0,60000.0
2026-08-07,OFF_FIN_07,2,1,1,50.0,320000.0,230000.0,90000.0
2026-08-07,OFF_CPO_03,1,0,0,0.0,0.0,0.0,0.0
2026-08-07,OFF_CPO_05,1,1,0,100.0,260000.0,180000.0,80000.0
2026-08-07,OFF_FIN_06,3,0,3,0.0,0.0,0.0,0.0
2026-08-07,OFF_FIN_03,1,1,0,100.0,145000.0,105000.0,40000.0
2026-08-08,OFF_FIN_01,1,0,1,0.0,0.0,0.0,0.0
2026-08-08,OFF_FIN_06,2,0,1,0.0,0.0,0.0,0.0
2026-08-08,OFF_CPI_01,2,2,0,100.0,90000.0,60000.0,30000.0
2026-08-08,OFF_CPO_04,1,1,0,100.0,350000.0,250000.0,100000.0
2026-08-08,OFF_CPO_05,1,0,1,0.0,0.0,0.0,0.0
2026-08-08,OFF_FIN_08,1,1,0,100.0,400000.0,290000.0,110000.0
2026-08-08,OFF_CPO_03,1,1,0,100.0,330000.0,240000.0,90000.0
2026-08-08,OFF_CPS_01,2,2,0,100.0,150000.0,100000.0,50000.0
2026-08-08,OFF_FIN_07,1,0,1,0.0,0.0,0.0,0.0
2026-08-09,OFF_FIN_07,3,0,1,0.0,0.0,0.0,0.0
2026-08-09,OFF_CPI_01,2,0,2,0.0,0.0,0.0,0.0
2026-08-09,OFF_FIN_08,1,0,1,0.0,0.0,0.0,0.0
2026-08-09,OFF_CPO_02,1,1,0,100.0,280000.0,195000.0,85000.0
2026-08-09,OFF_FIN_03,2,2,0,100.0,290000.0,210000.0,80000.0
2026-08-09,OFF_FIN_01,3,1,0,33.33,420000.0,310000.0,110000.0
2026-08-09,OFF_CPS_01,1,1,0,100.0,75000.0,50000.0,25000.0
2026-08-09,OFF_CPO_01,1,0,0,0.0,0.0,0.0,0.0
2026-08-09,OFF_FIN_04,1,0,1,0.0,0.0,0.0,0.0
2026-08-09,OFF_CPO_04,2,0,1,0.0,0.0,0.0,0.0
2026-08-10,OFF_FIN_08,2,2,0,100.0,800000.0,580000.0,220000.0
2026-08-10,OFF_FIN_01,1,1,0,100.0,420000.0,310000.0,110000.0
2026-08-10,OFF_FIN_07,1,0,1,0.0,0.0,0.0,0.0
2026-08-10,OFF_CPS_02,2,2,0,100.0,180000.0,130000.0,50000.0
2026-08-10,OFF_FIN_05,1,1,0,100.0,110000.0,80000.0,30000.0
2026-08-10,OFF_CPO_01,1,1,0,100.0,310000.0,220000.0,90000.0
2026-08-10,OFF_CPO_05,3,2,1,66.67,520000.0,360000.0,160000.0
2026-08-10,OFF_CPO_04,1,1,0,100.0,350000.0,250000.0,100000.0
2026-08-10,OFF_CPI_01,1,0,1,0.0,0.0,0.0,0.0
2026-08-10,OFF_FIN_02,1,1,0,100.0,130000.0,95000.0,35000.0
2026-08-10,OFF_CPS_01,1,1,0,100.0,75000.0,50000.0,25000.0
2026-08-11,OFF_CPO_03,5,3,0,60.0,990000.0,720000.0,270000.0
2026-08-11,OFF_FIN_05,1,1,0,100.0,110000.0,80000.0,30000.0
2026-08-11,OFF_CPS_01,2,2,0,100.0,150000.0,100000.0,50000.0
2026-08-11,OFF_FIN_01,3,1,2,33.33,420000.0,310000.0,110000.0
2026-08-11,OFF_FIN_04,1,1,0,100.0,480000.0,350000.0,130000.0
2026-08-11,OFF_FIN_07,1,0,1,0.0,0.0,0.0,0.0
2026-08-11,OFF_FIN_03,1,0,1,0.0,0.0,0.0,0.0
2026-08-12,OFF_CPI_01,4,3,1,75.0,135000.0,90000.0,45000.0
2026-08-12,OFF_FIN_07,1,1,0,100.0,320000.0,230000.0,90000.0
2026-08-12,OFF_CPO_02,2,1,1,50.0,280000.0,195000.0,85000.0
2026-08-12,OFF_FIN_01,2,1,1,50.0,420000.0,310000.0,110000.0
2026-08-12,OFF_FIN_04,2,0,1,0.0,0.0,0.0,0.0
2026-08-12,OFF_FIN_05,3,2,1,66.67,220000.0,160000.0,60000.0
2026-08-12,OFF_FIN_02,2,2,0,100.0,260000.0,190000.0,70000.0
2026-08-12,OFF_FIN_08,3,1,1,33.33,400000.0,290000.0,110000.0
2026-08-12,OFF_CPS_02,1,1,0,100.0,90000.0,65000.0,25000.0
2026-08-12,OFF_CPO_04,2,1,1,50.0,350000.0,250000.0,100000.0
2026-08-12,OFF_CPS_01,1,0,1,0.0,0.0,0.0,0.0
2026-08-13,OFF_FIN_07,2,1,1,50.0,320000.0,230000.0,90000.0
2026-08-13,OFF_FIN_01,1,0,0,0.0,0.0,0.0,0.0
2026-08-13,OFF_CPO_01,3,3,0,100.0,930000.0,660000.0,270000.0
2026-08-13,OFF_CPO_04,3,2,1,66.67,700000.0,500000.0,200000.0
2026-08-13,OFF_CPS_02,1,0,1,0.0,0.0,0.0,0.0
2026-08-13,OFF_CPO_03,2,1,1,50.0,330000.0,240000.0,90000.0
2026-08-13,OFF_CPO_02,1,1,0,100.0,280000.0,195000.0,85000.0
2026-08-13,OFF_FIN_05,1,0,1,0.0,0.0,0.0,0.0
2026-08-13,OFF_CPS_01,1,1,0,100.0,75000.0,50000.0,25000.0
2026-08-13,OFF_FIN_08,2,1,1,50.0,400000.0,290000.0,110000.0
2026-08-14,OFF_FIN_03,2,1,1,50.0,145000.0,105000.0,40000.0
2026-08-14,OFF_CPS_02,3,0,2,0.0,0.0,0.0,0.0
2026-08-14,OFF_FIN_01,2,1,1,50.0,420000.0,310000.0,110000.0
2026-08-14,OFF_FIN_05,1,1,0,100.0,110000.0,80000.0,30000.0
2026-08-14,OFF_FIN_08,1,1,0,100.0,400000.0,290000.0,110000.0
2026-08-14,OFF_CPO_02,4,2,1,50.0,560000.0,390000.0,170000.0
2026-08-14,OFF_CPO_05,2,2,0,100.0,520000.0,360000.0,160000.0
2026-08-14,OFF_CPO_04,1,1,0,100.0,350000.0,250000.0,100000.0
2026-08-14,OFF_CPO_01,1,0,1,0.0,0.0,0.0,0.0
2026-08-14,OFF_FIN_06,1,0,1,0.0,0.0,0.0,0.0
2026-08-14,OFF_FIN_07,1,0,1,0.0,0.0,0.0,0.0
2026-08-14,OFF_CPO_03,1,0,0,0.0,0.0,0.0,0.0
2026-08-15,OFF_FIN_04,4,3,1,75.0,1440000.0,1050000.0,390000.0
2026-08-15,OFF_CPO_04,1,0,1,0.0,0.0,0.0,0.0
2026-08-15,OFF_CPO_02,3,0,2,0.0,0.0,0.0,0.0
2026-08-15,OFF_CPO_05,2,1,1,50.0,260000.0,180000.0,80000.0
2026-08-15,OFF_CPS_02,1,0,1,0.0,0.0,0.0,0.0
2026-08-15,OFF_CPO_01,2,0,2,0.0,0.0,0.0,0.0
2026-08-15,OFF_FIN_03,1,1,0,100.0,145000.0,105000.0,40000.0
2026-08-15,OFF_FIN_06,1,0,0,0.0,0.0,0.0,0.0
2026-08-15,OFF_CPO_03,1,0,0,0.0,0.0,0.0,0.0
2026-08-15,OFF_FIN_01,2,1,1,50.0,420000.0,310000.0,110000.0
2026-08-15,OFF_FIN_05,1,0,1,0.0,0.0,0.0,0.0
2026-08-15,OFF_FIN_02,1,1,0,100.0,130000.0,95000.0,35000.0
2026-08-16,OFF_FIN_05,1,0,1,0.0,0.0,0.0,0.0
2026-08-16,OFF_FIN_07,3,0,2,0.0,0.0,0.0,0.0
2026-08-16,OFF_FIN_03,2,0,0,0.0,0.0,0.0,0.0
2026-08-16,OFF_FIN_08,2,0,1,0.0,0.0,0.0,0.0
2026-08-16,OFF_FIN_02,1,0,1,0.0,0.0,0.0,0.0
2026-08-16,OFF_FIN_06,3,0,2,0.0,0.0,0.0,0.0
2026-08-16,OFF_CPO_02,2,1,1,50.0,280000.0,195000.0,85000.0
2026-08-16,OFF_CPO_01,1,0,1,0.0,0.0,0.0,0.0
2026-08-16,OFF_FIN_01,1,1,0,100.0,420000.0,310000.0,110000.0
2026-08-16,OFF_CPI_01,1,1,0,100.0,45000.0,30000.0,15000.0
2026-08-16,OFF_CPS_02,1,1,0,100.0,90000.0,65000.0,25000.0
2026-08-17,OFF_FIN_05,3,1,2,33.33,110000.0,80000.0,30000.0
2026-08-17,OFF_CPS_01,1,1,0,100.0,75000.0,50000.0,25000.0
2026-08-17,OFF_CPS_02,2,0,2,0.0,0.0,0.0,0.0
2026-08-17,OFF_CPO_05,2,2,0,100.0,520000.0,360000.0,160000.0
2026-08-17,OFF_FIN_01,1,1,0,100.0,420000.0,310000.0,110000.0
2026-08-17,OFF_FIN_07,1,0,1,0.0,0.0,0.0,0.0
2026-08-18,OFF_CPI_01,3,1,2,33.33,45000.0,30000.0,15000.0
2026-08-18,OFF_FIN_08,1,0,0,0.0,0.0,0.0,0.0
2026-08-18,OFF_CPO_05,3,3,0,100.0,780000.0,540000.0,240000.0
2026-08-18,OFF_CPO_02,2,1,1,50.0,280000.0,195000.0,85000.0
2026-08-18,OFF_CPO_01,2,1,0,50.0,310000.0,220000.0,90000.0
2026-08-18,OFF_CPS_02,3,1,2,33.33,90000.0,65000.0,25000.0
2026-08-18,OFF_FIN_01,1,1,0,100.0,420000.0,310000.0,110000.0
2026-08-18,OFF_FIN_03,1,1,0,100.0,145000.0,105000.0,40000.0
2026-08-19,OFF_FIN_03,3,2,0,66.67,290000.0,210000.0,80000.0
2026-08-19,OFF_FIN_08,2,0,2,0.0,0.0,0.0,0.0
2026-08-19,OFF_FIN_04,3,1,1,33.33,480000.0,350000.0,130000.0
2026-08-19,OFF_CPO_05,1,0,0,0.0,0.0,0.0,0.0
2026-08-19,OFF_CPS_02,1,1,0,100.0,90000.0,65000.0,25000.0
2026-08-19,OFF_CPO_01,2,2,0,100.0,620000.0,440000.0,180000.0
2026-08-19,OFF_FIN_05,3,2,1,66.67,220000.0,160000.0,60000.0
2026-08-19,OFF_CPI_01,1,0,1,0.0,0.0,0.0,0.0
2026-08-19,OFF_CPO_02,2,1,1,50.0,280000.0,195000.0,85000.0
2026-08-19,OFF_FIN_02,1,1,0,100.0,130000.0,95000.0,35000.0
2026-08-19,OFF_FIN_06,1,0,1,0.0,0.0,0.0,0.0
2026-08-19,OFF_CPS_01,2,2,0,100.0,150000.0,100000.0,50000.0
2026-08-20,OFF_CPI_01,2,2,0,100.0,90000.0,60000.0,30000.0
2026-08-20,OFF_FIN_01,1,1,0,100.0,420000.0,310000.0,110000.0
2026-08-20,OFF_CPO_03,3,1,2,33.33,330000.0,240000.0,90000.0
2026-08-20,OFF_FIN_05,1,0,0,0.0,0.0,0.0,0.0
2026-08-20,OFF_CPS_02,1,1,0,100.0,90000.0,65000.0,25000.0
2026-08-20,OFF_FIN_06,1,0,1,0.0,0.0,0.0,0.0
2026-08-20,OFF_FIN_07,2,1,1,50.0,320000.0,230000.0,90000.0
2026-08-20,OFF_CPS_01,1,1,0,100.0,75000.0,50000.0,25000.0
2026-08-20,OFF_CPO_05,2,1,1,50.0,260000.0,180000.0,80000.0
2026-08-20,OFF_FIN_04,1,1,0,100.0,480000.0,350000.0,130000.0
2026-08-21,OFF_FIN_08,2,1,1,50.0,400000.0,290000.0,110000.0
2026-08-21,OFF_FIN_07,2,0,1,0.0,0.0,0.0,0.0
2026-08-21,OFF_CPS_02,2,2,0,100.0,180000.0,130000.0,50000.0
2026-08-21,OFF_FIN_06,1,1,0,100.0,290000.0,210000.0,80000.0
2026-08-21,OFF_CPS_01,3,2,1,66.67,150000.0,100000.0,50000.0
2026-08-21,OFF_FIN_05,3,1,2,33.33,110000.0,80000.0,30000.0
2026-08-21,OFF_FIN_02,2,0,2,0.0,0.0,0.0,0.0
2026-08-21,OFF_FIN_03,3,2,1,66.67,290000.0,210000.0,80000.0
2026-08-21,OFF_CPO_05,3,2,1,66.67,520000.0,360000.0,160000.0
2026-08-21,OFF_CPO_01,1,0,0,0.0,0.0,0.0,0.0
2026-08-21,OFF_CPI_01,2,2,0,100.0,90000.0,60000.0,30000.0
2026-08-21,OFF_CPO_03,2,0,2,0.0,0.0,0.0,0.0
2026-08-21,OFF_CPO_02,1,1,0,100.0,280000.0,195000.0,85000.0
2026-08-21,OFF_FIN_04,1,0,0,0.0,0.0,0.0,0.0
2026-08-22,OFF_FIN_05,3,3,0,100.0,330000.0,240000.0,90000.0
2026-08-22,OFF_CPO_02,2,0,0,0.0,0.0,0.0,0.0
2026-08-22,OFF_CPI_01,3,2,1,66.67,90000.0,60000.0,30000.0
2026-08-22,OFF_CPS_02,1,1,0,100.0,90000.0,65000.0,25000.0
2026-08-22,OFF_FIN_03,4,4,0,100.0,580000.0,420000.0,160000.0
2026-08-22,OFF_FIN_02,1,0,1,0.0,0.0,0.0,0.0
2026-08-22,OFF_CPO_04,1,1,0,100.0,350000.0,250000.0,100000.0
2026-08-23,OFF_CPS_01,4,4,0,100.0,300000.0,200000.0,100000.0
2026-08-23,OFF_FIN_04,1,1,0,100.0,480000.0,350000.0,130000.0
2026-08-23,OFF_CPO_02,1,1,0,100.0,280000.0,195000.0,85000.0
2026-08-23,OFF_FIN_07,3,1,2,33.33,320000.0,230000.0,90000.0
2026-08-23,OFF_CPI_01,1,0,1,0.0,0.0,0.0,0.0
2026-08-23,OFF_FIN_03,1,1,0,100.0,145000.0,105000.0,40000.0
2026-08-23,OFF_FIN_02,1,1,0,100.0,130000.0,95000.0,35000.0
2026-08-23,OFF_CPO_05,2,2,0,100.0,520000.0,360000.0,160000.0
2026-08-23,OFF_FIN_01,1,1,0,100.0,420000.0,310000.0,110000.0
2026-08-23,OFF_CPO_04,1,0,1,0.0,0.0,0.0,0.0
2026-08-23,OFF_CPO_01,1,1,0,100.0,310000.0,220000.0,90000.0
2026-08-23,OFF_CPO_03,2,0,2,0.0,0.0,0.0,0.0
2026-08-24,OFF_FIN_04,1,0,0,0.0,0.0,0.0,0.0
2026-08-24,OFF_CPS_02,2,0,2,0.0,0.0,0.0,0.0
2026-08-24,OFF_FIN_03,3,2,1,66.67,290000.0,210000.0,80000.0
2026-08-24,OFF_FIN_01,2,1,0,50.0,420000.0,310000.0,110000.0
2026-08-24,OFF_CPO_03,2,1,1,50.0,330000.0,240000.0,90000.0
2026-08-24,OFF_FIN_02,2,1,1,50.0,130000.0,95000.0,35000.0
2026-08-24,OFF_FIN_06,3,2,0,66.67,580000.0,420000.0,160000.0
2026-08-24,OFF_CPO_04,3,1,2,33.33,350000.0,250000.0,100000.0
2026-08-24,OFF_CPO_02,2,2,0,100.0,560000.0,390000.0,170000.0
2026-08-24,OFF_FIN_05,1,1,0,100.0,110000.0,80000.0,30000.0
2026-08-24,OFF_CPO_01,2,0,2,0.0,0.0,0.0,0.0
2026-08-25,OFF_FIN_04,4,1,2,25.0,480000.0,350000.0,130000.0
2026-08-25,OFF_FIN_07,4,1,2,25.0,320000.0,230000.0,90000.0
2026-08-25,OFF_CPO_05,1,0,1,0.0,0.0,0.0,0.0
2026-08-25,OFF_FIN_02,1,1,0,100.0,130000.0,95000.0,35000.0
2026-08-25,OFF_CPS_01,3,0,1,0.0,0.0,0.0,0.0
2026-08-25,OFF_FIN_01,3,1,1,33.33,420000.0,310000.0,110000.0
2026-08-25,OFF_FIN_03,1,0,1,0.0,0.0,0.0,0.0
2026-08-25,OFF_CPO_01,1,1,0,100.0,310000.0,220000.0,90000.0
2026-08-25,OFF_FIN_05,1,0,1,0.0,0.0,0.0,0.0
2026-08-25,OFF_FIN_08,1,0,0,0.0,0.0,0.0,0.0
2026-08-25,OFF_CPI_01,1,0,1,0.0,0.0,0.0,0.0
2026-08-26,OFF_CPS_01,2,2,0,100.0,150000.0,100000.0,50000.0
2026-08-26,OFF_CPI_01,4,3,1,75.0,135000.0,90000.0,45000.0
2026-08-26,OFF_FIN_03,2,1,1,50.0,145000.0,105000.0,40000.0
2026-08-26,OFF_CPS_02,1,0,1,0.0,0.0,0.0,0.0
2026-08-26,OFF_CPO_03,1,1,0,100.0,330000.0,240000.0,90000.0
2026-08-26,OFF_FIN_04,2,1,1,50.0,480000.0,350000.0,130000.0
2026-08-26,OFF_CPO_01,1,0,1,0.0,0.0,0.0,0.0
2026-08-26,OFF_CPO_02,3,2,1,66.67,560000.0,390000.0,170000.0
2026-08-26,OFF_FIN_05,2,2,0,100.0,220000.0,160000.0,60000.0
2026-08-26,OFF_CPO_05,1,1,0,100.0,260000.0,180000.0,80000.0
2026-08-26,OFF_FIN_06,1,0,1,0.0,0.0,0.0,0.0
2026-08-26,OFF_FIN_08,1,1,0,100.0,400000.0,290000.0,110000.0
2026-08-27,OFF_FIN_05,1,1,0,100.0,110000.0,80000.0,30000.0
2026-08-27,OFF_CPO_03,2,1,1,50.0,330000.0,240000.0,90000.0
2026-08-27,OFF_FIN_04,2,0,2,0.0,0.0,0.0,0.0
2026-08-27,OFF_FIN_06,1,1,0,100.0,290000.0,210000.0,80000.0
2026-08-27,OFF_CPO_05,5,3,0,60.0,780000.0,540000.0,240000.0
2026-08-27,OFF_FIN_07,1,0,1,0.0,0.0,0.0,0.0
2026-08-27,OFF_CPO_04,2,1,0,50.0,350000.0,250000.0,100000.0
2026-08-27,OFF_FIN_08,1,0,0,0.0,0.0,0.0,0.0
2026-08-27,OFF_CPO_02,1,1,0,100.0,280000.0,195000.0,85000.0
2026-08-27,OFF_CPI_01,1,1,0,100.0,45000.0,30000.0,15000.0
2026-08-28,OFF_FIN_01,1,0,1,0.0,0.0,0.0,0.0
2026-08-28,OFF_FIN_03,3,0,3,0.0,0.0,0.0,0.0
2026-08-28,OFF_CPO_03,3,1,1,33.33,330000.0,240000.0,90000.0
2026-08-28,OFF_CPO_01,3,2,1,66.67,620000.0,440000.0,180000.0
2026-08-28,OFF_FIN_04,3,3,0,100.0,1440000.0,1050000.0,390000.0
2026-08-28,OFF_CPO_02,1,1,0,100.0,280000.0,195000.0,85000.0
2026-08-28,OFF_FIN_05,2,0,1,0.0,0.0,0.0,0.0
2026-08-28,OFF_CPO_05,1,1,0,100.0,260000.0,180000.0,80000.0
2026-08-28,OFF_FIN_02,1,0,1,0.0,0.0,0.0,0.0
2026-08-28,OFF_FIN_07,1,0,1,0.0,0.0,0.0,0.0
2026-08-29,OFF_FIN_04,2,1,1,50.0,480000.0,350000.0,130000.0
2026-08-29,OFF_FIN_08,1,1,0,100.0,400000.0,290000.0,110000.0
2026-08-29,OFF_CPO_05,1,0,1,0.0,0.0,0.0,0.0
2026-08-29,OFF_CPO_03,2,1,1,50.0,330000.0,240000.0,90000.0
2026-08-29,OFF_CPS_02,2,2,0,100.0,180000.0,130000.0,50000.0
2026-08-29,OFF_CPO_04,1,1,0,100.0,350000.0,250000.0,100000.0
2026-08-29,OFF_CPO_01,1,1,0,100.0,310000.0,220000.0,90000.0
2026-08-29,OFF_FIN_07,2,1,0,50.0,320000.0,230000.0,90000.0
2026-08-29,OFF_FIN_06,1,1,0,100.0,290000.0,210000.0,80000.0
2026-08-29,OFF_CPS_01,1,1,0,100.0,75000.0,50000.0,25000.0
2026-08-29,OFF_CPI_01,2,2,0,100.0,90000.0,60000.0,30000.0
2026-08-29,OFF_FIN_01,1,0,1,0.0,0.0,0.0,0.0
2026-08-30,OFF_CPO_05,2,2,0,100.0,520000.0,360000.0,160000.0
2026-08-30,OFF_CPI_01,2,1,1,50.0,45000.0,30000.0,15000.0
2026-08-30,OFF_FIN_03,3,2,1,66.67,290000.0,210000.0,80000.0
2026-08-30,OFF_FIN_07,2,0,1,0.0,0.0,0.0,0.0
2026-08-30,OFF_CPS_02,2,2,0,100.0,180000.0,130000.0,50000.0
2026-08-30,OFF_CPO_01,1,0,0,0.0,0.0,0.0,0.0
2026-08-30,OFF_CPO_02,1,1,0,100.0,280000.0,195000.0,85000.0
2026-08-30,OFF_FIN_01,1,0,0,0.0,0.0,0.0,0.0
2026-08-31,OFF_CPO_03,2,2,0,100.0,660000.0,480000.0,180000.0
2026-08-31,OFF_FIN_04,6,3,3,50.0,1440000.0,1050000.0,390000.0
2026-08-31,OFF_CPO_04,2,0,2,0.0,0.0,0.0,0.0
2026-08-31,OFF_CPS_02,3,3,0,100.0,270000.0,195000.0,75000.0
2026-08-31,OFF_FIN_07,2,0,2,0.0,0.0,0.0,0.0
2026-08-31,OFF_FIN_06,2,1,0,50.0,290000.0,210000.0,80000.0
2026-08-31,OFF_FIN_02,2,2,0,100.0,260000.0,190000.0,70000.0
2026-08-31,OFF_CPO_02,2,2,0,100.0,560000.0,390000.0,170000.0
2026-08-31,OFF_CPO_01,2,1,1,50.0,310000.0,220000.0,90000.0
2026-08-31,OFF_CPO_05,1,1,0,100.0,260000.0,180000.0,80000.0
2026-08-31,OFF_FIN_05,1,1,0,100.0,110000.0,80000.0,30000.0
2026-08-31,OFF_CPI_01,1,0,1,0.0,0.0,0.0,0.0
2026-08-31,OFF_CPS_01,1,1,0,100.0,75000.0,50000.0,25000.0
2026-08-31,OFF_FIN_03,1,0,0,0.0,0.0,0.0,0.0
2026-09-01,OFF_CPO_04,2,1,0,50.0,350000.0,250000.0,100000.0
2026-09-01,OFF_FIN_01,5,2,2,40.0,840000.0,620000.0,220000.0
2026-09-01,OFF_CPO_05,1,1,0,100.0,260000.0,180000.0,80000.0
2026-09-01,OFF_FIN_06,1,0,0,0.0,0.0,0.0,0.0
2026-09-01,OFF_CPO_02,1,1,0,100.0,280000.0,195000.0,85000.0
2026-09-01,OFF_CPS_02,3,2,1,66.67,180000.0,130000.0,50000.0
2026-09-01,OFF_FIN_04,1,0,0,0.0,0.0,0.0,0.0
2026-09-01,OFF_CPI_01,1,1,0,100.0,45000.0,30000.0,15000.0
2026-09-01,OFF_CPO_03,1,1,0,100.0,330000.0,240000.0,90000.0
2026-09-01,OFF_CPS_01,3,1,1,33.33,75000.0,50000.0,25000.0
2026-09-01,OFF_FIN_07,1,0,0,0.0,0.0,0.0,0.0
2026-09-01,OFF_FIN_02,1,0,1,0.0,0.0,0.0,0.0
2026-09-02,OFF_CPO_01,1,1,0,100.0,310000.0,220000.0,90000.0
2026-09-02,OFF_CPS_01,2,1,1,50.0,75000.0,50000.0,25000.0
2026-09-02,OFF_CPO_03,1,1,0,100.0,330000.0,240000.0,90000.0
2026-09-02,OFF_CPI_01,1,0,1,0.0,0.0,0.0,0.0
2026-09-02,OFF_CPO_02,4,1,2,25.0,280000.0,195000.0,85000.0
2026-09-02,OFF_FIN_01,1,0,0,0.0,0.0,0.0,0.0
2026-09-02,OFF_FIN_02,1,1,0,100.0,130000.0,95000.0,35000.0
2026-09-02,OFF_FIN_04,3,1,0,33.33,480000.0,350000.0,130000.0
2026-09-02,OFF_CPO_05,1,1,0,100.0,260000.0,180000.0,80000.0
2026-09-02,OFF_FIN_06,1,0,1,0.0,0.0,0.0,0.0
2026-09-02,OFF_FIN_05,2,2,0,100.0,220000.0,160000.0,60000.0
2026-09-02,OFF_FIN_07,1,1,0,100.0,320000.0,230000.0,90000.0
2026-09-03,OFF_CPO_01,2,0,1,0.0,0.0,0.0,0.0
2026-09-03,OFF_FIN_01,2,2,0,100.0,840000.0,620000.0,220000.0
2026-09-03,OFF_FIN_03,2,1,1,50.0,145000.0,105000.0,40000.0
2026-09-03,OFF_CPS_01,1,1,0,100.0,75000.0,50000.0,25000.0
2026-09-03,OFF_CPO_05,1,0,1,0.0,0.0,0.0,0.0
2026-09-03,OFF_CPO_02,1,1,0,100.0,280000.0,195000.0,85000.0
2026-09-03,OFF_FIN_02,1,1,0,100.0,130000.0,95000.0,35000.0
2026-09-04,OFF_CPO_01,4,3,1,75.0,930000.0,660000.0,270000.0
2026-09-04,OFF_FIN_02,1,1,0,100.0,130000.0,95000.0,35000.0
2026-09-04,OFF_FIN_01,1,1,0,100.0,420000.0,310000.0,110000.0
2026-09-04,OFF_FIN_07,3,3,0,100.0,960000.0,690000.0,270000.0
2026-09-04,OFF_FIN_03,2,2,0,100.0,290000.0,210000.0,80000.0
2026-09-04,OFF_CPO_02,3,0,3,0.0,0.0,0.0,0.0
2026-09-04,OFF_FIN_05,2,2,0,100.0,220000.0,160000.0,60000.0
2026-09-04,OFF_CPS_02,2,1,0,50.0,90000.0,65000.0,25000.0
2026-09-04,OFF_FIN_06,2,1,0,50.0,290000.0,210000.0,80000.0
2026-09-04,OFF_CPI_01,1,0,1,0.0,0.0,0.0,0.0
2026-09-04,OFF_FIN_04,1,0,1,0.0,0.0,0.0,0.0
2026-09-05,OFF_FIN_07,1,0,1,0.0,0.0,0.0,0.0
2026-09-05,OFF_CPO_01,2,2,0,100.0,620000.0,440000.0,180000.0
2026-09-05,OFF_CPI_01,3,3,0,100.0,135000.0,90000.0,45000.0
2026-09-05,OFF_FIN_05,2,1,1,50.0,110000.0,80000.0,30000.0
2026-09-05,OFF_CPO_05,3,1,1,33.33,260000.0,180000.0,80000.0
2026-09-05,OFF_FIN_04,2,0,1,0.0,0.0,0.0,0.0
2026-09-05,OFF_CPS_01,2,1,1,50.0,75000.0,50000.0,25000.0
2026-09-05,OFF_FIN_06,1,0,1,0.0,0.0,0.0,0.0
2026-09-06,OFF_CPI_01,2,2,0,100.0,90000.0,60000.0,30000.0
2026-09-06,OFF_CPO_01,1,1,0,100.0,310000.0,220000.0,90000.0
2026-09-06,OFF_FIN_01,1,0,0,0.0,0.0,0.0,0.0
2026-09-06,OFF_FIN_03,3,1,2,33.33,145000.0,105000.0,40000.0
2026-09-06,OFF_FIN_08,1,1,0,100.0,400000.0,290000.0,110000.0
2026-09-06,OFF_FIN_02,2,2,0,100.0,260000.0,190000.0,70000.0
2026-09-06,OFF_FIN_07,2,0,1,0.0,0.0,0.0,0.0
2026-09-06,OFF_CPO_02,1,0,1,0.0,0.0,0.0,0.0
2026-09-06,OFF_CPS_01,3,3,0,100.0,225000.0,150000.0,75000.0
2026-09-06,OFF_FIN_06,1,1,0,100.0,290000.0,210000.0,80000.0
2026-09-07,OFF_CPO_03,3,3,0,100.0,990000.0,720000.0,270000.0
2026-09-07,OFF_CPO_05,1,0,0,0.0,0.0,0.0,0.0
2026-09-07,OFF_FIN_01,3,1,2,33.33,420000.0,310000.0,110000.0
2026-09-07,OFF_FIN_05,2,2,0,100.0,220000.0,160000.0,60000.0
2026-09-07,OFF_FIN_02,1,0,1,0.0,0.0,0.0,0.0
2026-09-07,OFF_CPO_02,1,0,1,0.0,0.0,0.0,0.0
2026-09-07,OFF_CPO_04,1,1,0,100.0,350000.0,250000.0,100000.0
2026-09-07,OFF_CPS_01,2,1,1,50.0,75000.0,50000.0,25000.0
2026-09-07,OFF_CPO_01,1,0,1,0.0,0.0,0.0,0.0
2026-09-07,OFF_CPI_01,1,1,0,100.0,45000.0,30000.0,15000.0
2026-09-07,OFF_FIN_06,1,0,0,0.0,0.0,0.0,0.0
2026-09-08,OFF_CPS_01,1,1,0,100.0,75000.0,50000.0,25000.0
2026-09-08,OFF_CPO_01,1,1,0,100.0,310000.0,220000.0,90000.0
2026-09-08,OFF_FIN_02,1,0,1,0.0,0.0,0.0,0.0
2026-09-08,OFF_FIN_03,2,2,0,100.0,290000.0,210000.0,80000.0
2026-09-08,OFF_CPS_02,1,1,0,100.0,90000.0,65000.0,25000.0
2026-09-08,OFF_FIN_06,3,0,1,0.0,0.0,0.0,0.0
2026-09-08,OFF_FIN_07,1,0,1,0.0,0.0,0.0,0.0
2026-09-08,OFF_CPO_03,1,0,1,0.0,0.0,0.0,0.0
2026-09-08,OFF_FIN_04,2,0,2,0.0,0.0,0.0,0.0
2026-09-08,OFF_FIN_01,1,0,1,0.0,0.0,0.0,0.0
2026-09-09,OFF_FIN_01,4,2,1,50.0,840000.0,620000.0,220000.0
2026-09-09,OFF_CPS_02,1,0,1,0.0,0.0,0.0,0.0
2026-09-09,OFF_CPO_04,2,0,2,0.0,0.0,0.0,0.0
2026-09-09,OFF_FIN_06,1,0,1,0.0,0.0,0.0,0.0
2026-09-09,OFF_CPS_01,1,1,0,100.0,75000.0,50000.0,25000.0
2026-09-09,OFF_FIN_04,2,0,1,0.0,0.0,0.0,0.0
2026-09-09,OFF_CPO_05,3,2,0,66.67,520000.0,360000.0,160000.0
2026-09-09,OFF_FIN_05,2,2,0,100.0,220000.0,160000.0,60000.0
2026-09-09,OFF_FIN_03,1,1,0,100.0,145000.0,105000.0,40000.0
2026-09-09,OFF_CPI_01,1,1,0,100.0,45000.0,30000.0,15000.0
2026-09-09,OFF_FIN_07,1,0,1,0.0,0.0,0.0,0.0
2026-09-09,OFF_FIN_08,1,0,1,0.0,0.0,0.0,0.0
2026-09-10,OFF_CPO_04,3,2,1,66.67,700000.0,500000.0,200000.0
2026-09-10,OFF_FIN_06,1,0,0,0.0,0.0,0.0,0.0
2026-09-10,OFF_FIN_05,3,1,2,33.33,110000.0,80000.0,30000.0
2026-09-10,OFF_CPO_02,2,1,1,50.0,280000.0,195000.0,85000.0
2026-09-10,OFF_FIN_07,2,0,1,0.0,0.0,0.0,0.0
2026-09-10,OFF_CPS_02,1,1,0,100.0,90000.0,65000.0,25000.0
2026-09-10,OFF_CPO_01,1,1,0,100.0,310000.0,220000.0,90000.0
2026-09-10,OFF_CPO_05,2,2,0,100.0,520000.0,360000.0,160000.0
2026-09-10,OFF_FIN_03,1,1,0,100.0,145000.0,105000.0,40000.0
2026-09-11,OFF_FIN_08,1,0,1,0.0,0.0,0.0,0.0
2026-09-11,OFF_FIN_04,1,0,1,0.0,0.0,0.0,0.0
2026-09-11,OFF_FIN_05,1,0,1,0.0,0.0,0.0,0.0
2026-09-11,OFF_CPO_05,2,0,1,0.0,0.0,0.0,0.0
2026-09-11,OFF_FIN_01,1,0,1,0.0,0.0,0.0,0.0
2026-09-11,OFF_FIN_03,1,1,0,100.0,145000.0,105000.0,40000.0
2026-09-11,OFF_CPO_02,2,0,2,0.0,0.0,0.0,0.0
2026-09-11,OFF_CPI_01,1,1,0,100.0,45000.0,30000.0,15000.0
2026-09-12,OFF_CPO_04,2,0,1,0.0,0.0,0.0,0.0
2026-09-12,OFF_FIN_04,2,0,1,0.0,0.0,0.0,0.0
2026-09-12,OFF_FIN_05,3,2,1,66.67,220000.0,160000.0,60000.0
2026-09-12,OFF_CPO_05,2,2,0,100.0,520000.0,360000.0,160000.0
2026-09-12,OFF_FIN_08,1,0,1,0.0,0.0,0.0,0.0
2026-09-12,OFF_CPO_02,1,1,0,100.0,280000.0,195000.0,85000.0
2026-09-12,OFF_CPO_01,1,0,1,0.0,0.0,0.0,0.0
2026-09-12,OFF_CPS_01,3,2,0,66.67,150000.0,100000.0,50000.0
2026-09-12,OFF_CPI_01,2,2,0,100.0,90000.0,60000.0,30000.0
2026-09-12,OFF_FIN_06,2,0,2,0.0,0.0,0.0,0.0
2026-09-12,OFF_FIN_02,1,1,0,100.0,130000.0,95000.0,35000.0
2026-09-12,OFF_FIN_03,2,2,0,100.0,290000.0,210000.0,80000.0
2026-09-12,OFF_CPO_03,1,1,0,100.0,330000.0,240000.0,90000.0
2026-09-12,OFF_FIN_07,1,0,0,0.0,0.0,0.0,0.0
2026-09-13,OFF_CPS_02,2,2,0,100.0,180000.0,130000.0,50000.0
2026-09-13,OFF_FIN_03,1,0,1,0.0,0.0,0.0,0.0
2026-09-13,OFF_CPO_05,1,0,0,0.0,0.0,0.0,0.0
2026-09-13,OFF_CPO_04,1,1,0,100.0,350000.0,250000.0,100000.0
2026-09-13,OFF_FIN_01,1,1,0,100.0,420000.0,310000.0,110000.0
2026-09-13,OFF_CPI_01,2,1,0,50.0,45000.0,30000.0,15000.0
2026-09-13,OFF_CPO_01,1,1,0,100.0,310000.0,220000.0,90000.0
2026-09-13,OFF_FIN_08,1,0,1,0.0,0.0,0.0,0.0
2026-09-13,OFF_FIN_05,1,1,0,100.0,110000.0,80000.0,30000.0
2026-09-13,OFF_FIN_04,1,0,1,0.0,0.0,0.0,0.0
2026-09-13,OFF_FIN_06,1,1,0,100.0,290000.0,210000.0,80000.0
2026-09-13,OFF_CPO_03,2,1,1,50.0,330000.0,240000.0,90000.0
2026-09-14,OFF_CPI_01,2,2,0,100.0,90000.0,60000.0,30000.0
2026-09-14,OFF_CPO_01,1,0,1,0.0,0.0,0.0,0.0
2026-09-14,OFF_CPO_05,3,2,1,66.67,520000.0,360000.0,160000.0
2026-09-14,OFF_FIN_07,1,1,0,100.0,320000.0,230000.0,90000.0
2026-09-14,OFF_FIN_05,1,1,0,100.0,110000.0,80000.0,30000.0
2026-09-14,OFF_FIN_02,1,1,0,100.0,130000.0,95000.0,35000.0
2026-09-14,OFF_CPO_02,3,0,2,0.0,0.0,0.0,0.0
2026-09-14,OFF_CPO_03,2,1,1,50.0,330000.0,240000.0,90000.0
2026-09-14,OFF_FIN_04,1,1,0,100.0,480000.0,350000.0,130000.0
2026-09-14,OFF_FIN_03,1,0,0,0.0,0.0,0.0,0.0
2026-09-14,OFF_FIN_01,2,0,2,0.0,0.0,0.0,0.0
2026-09-15,OFF_CPS_01,1,0,1,0.0,0.0,0.0,0.0
2026-09-15,OFF_FIN_03,1,1,0,100.0,145000.0,105000.0,40000.0
2026-09-15,OFF_CPO_05,2,1,0,50.0,260000.0,180000.0,80000.0
2026-09-15,OFF_CPI_01,1,1,0,100.0,45000.0,30000.0,15000.0
2026-09-15,OFF_CPO_04,1,1,0,100.0,350000.0,250000.0,100000.0
2026-09-15,OFF_CPS_02,1,0,1,0.0,0.0,0.0,0.0
2026-09-15,OFF_FIN_08,1,0,1,0.0,0.0,0.0,0.0
2026-09-15,OFF_FIN_02,2,2,0,100.0,260000.0,190000.0,70000.0
2026-09-15,OFF_CPO_01,1,1,0,100.0,310000.0,220000.0,90000.0
2026-09-15,OFF_FIN_01,1,0,1,0.0,0.0,0.0,0.0
2026-09-15,OFF_CPO_02,1,1,0,100.0,280000.0,195000.0,85000.0
2026-09-15,OFF_FIN_04,1,1,0,100.0,480000.0,350000.0,130000.0
2026-09-16,OFF_FIN_01,1,0,1,0.0,0.0,0.0,0.0
2026-09-16,OFF_CPO_01,4,3,1,75.0,930000.0,660000.0,270000.0
2026-09-16,OFF_CPS_01,2,2,0,100.0,150000.0,100000.0,50000.0
2026-09-16,OFF_CPO_04,1,0,1,0.0,0.0,0.0,0.0
2026-09-16,OFF_FIN_08,1,1,0,100.0,400000.0,290000.0,110000.0
2026-09-16,OFF_CPS_02,3,3,0,100.0,270000.0,195000.0,75000.0
2026-09-16,OFF_CPO_05,6,3,3,50.0,780000.0,540000.0,240000.0
2026-09-16,OFF_FIN_04,2,0,0,0.0,0.0,0.0,0.0
2026-09-16,OFF_FIN_05,2,1,1,50.0,110000.0,80000.0,30000.0
2026-09-16,OFF_FIN_02,1,0,1,0.0,0.0,0.0,0.0
2026-09-16,OFF_CPO_03,1,1,0,100.0,330000.0,240000.0,90000.0
2026-09-17,OFF_CPO_03,4,3,1,75.0,990000.0,720000.0,270000.0
2026-09-17,OFF_CPS_02,1,1,0,100.0,90000.0,65000.0,25000.0
2026-09-17,OFF_CPO_05,4,2,2,50.0,520000.0,360000.0,160000.0
2026-09-17,OFF_FIN_03,2,2,0,100.0,290000.0,210000.0,80000.0
2026-09-17,OFF_FIN_02,1,0,1,0.0,0.0,0.0,0.0
2026-09-17,OFF_CPO_04,3,1,2,33.33,350000.0,250000.0,100000.0
2026-09-17,OFF_CPS_01,1,1,0,100.0,75000.0,50000.0,25000.0
2026-09-17,OFF_CPO_02,1,1,0,100.0,280000.0,195000.0,85000.0
2026-09-17,OFF_CPO_01,1,0,0,0.0,0.0,0.0,0.0
2026-09-17,OFF_CPI_01,1,1,0,100.0,45000.0,30000.0,15000.0
2026-09-18,OFF_FIN_06,1,0,1,0.0,0.0,0.0,0.0
2026-09-18,OFF_FIN_05,2,0,2,0.0,0.0,0.0,0.0
2026-09-18,OFF_CPO_01,1,1,0,100.0,310000.0,220000.0,90000.0
2026-09-18,OFF_CPO_04,3,2,1,66.67,700000.0,500000.0,200000.0
2026-09-18,OFF_CPO_02,1,1,0,100.0,280000.0,195000.0,85000.0
2026-09-18,OFF_FIN_03,3,1,1,33.33,145000.0,105000.0,40000.0
2026-09-18,OFF_CPS_02,2,0,2,0.0,0.0,0.0,0.0
2026-09-18,OFF_FIN_07,1,1,0,100.0,320000.0,230000.0,90000.0
2026-09-18,OFF_CPO_05,3,0,1,0.0,0.0,0.0,0.0
2026-09-18,OFF_FIN_01,1,1,0,100.0,420000.0,310000.0,110000.0
2026-09-19,OFF_CPS_01,2,2,0,100.0,150000.0,100000.0,50000.0
2026-09-19,OFF_CPO_04,2,1,1,50.0,350000.0,250000.0,100000.0
2026-09-19,OFF_CPS_02,1,1,0,100.0,90000.0,65000.0,25000.0
2026-09-19,OFF_CPI_01,1,1,0,100.0,45000.0,30000.0,15000.0
2026-09-19,OFF_CPO_02,1,0,1,0.0,0.0,0.0,0.0
2026-09-19,OFF_CPO_05,1,1,0,100.0,260000.0,180000.0,80000.0
2026-09-19,OFF_FIN_05,1,0,1,0.0,0.0,0.0,0.0
2026-09-19,OFF_CPO_01,1,1,0,100.0,310000.0,220000.0,90000.0
2026-09-19,OFF_FIN_07,1,0,0,0.0,0.0,0.0,0.0
2026-09-20,OFF_CPO_05,3,2,1,66.67,520000.0,360000.0,160000.0
2026-09-20,OFF_FIN_07,1,0,1,0.0,0.0,0.0,0.0
2026-09-20,OFF_FIN_05,1,0,1,0.0,0.0,0.0,0.0
2026-09-20,OFF_FIN_03,2,2,0,100.0,290000.0,210000.0,80000.0
2026-09-20,OFF_FIN_04,1,0,0,0.0,0.0,0.0,0.0
2026-09-20,OFF_CPS_02,1,1,0,100.0,90000.0,65000.0,25000.0
2026-09-20,OFF_CPS_01,1,1,0,100.0,75000.0,50000.0,25000.0
2026-09-20,OFF_CPO_03,2,1,0,50.0,330000.0,240000.0,90000.0
2026-09-20,OFF_CPO_02,2,2,0,100.0,560000.0,390000.0,170000.0
2026-09-20,OFF_CPI_01,2,2,0,100.0,90000.0,60000.0,30000.0
2026-09-20,OFF_FIN_01,2,1,1,50.0,420000.0,310000.0,110000.0
2026-09-20,OFF_FIN_02,1,1,0,100.0,130000.0,95000.0,35000.0
2026-09-20,OFF_CPO_01,1,0,0,0.0,0.0,0.0,0.0
2026-09-21,OFF_FIN_07,1,0,1,0.0,0.0,0.0,0.0
2026-09-21,OFF_FIN_02,2,2,0,100.0,260000.0,190000.0,70000.0
2026-09-21,OFF_FIN_06,5,4,1,80.0,1160000.0,840000.0,320000.0
2026-09-21,OFF_FIN_03,2,2,0,100.0,290000.0,210000.0,80000.0
2026-09-21,OFF_CPO_01,3,3,0,100.0,930000.0,660000.0,270000.0
2026-09-21,OFF_CPO_05,1,1,0,100.0,260000.0,180000.0,80000.0
2026-09-21,OFF_FIN_04,3,2,1,66.67,960000.0,700000.0,260000.0
2026-09-21,OFF_FIN_05,2,2,0,100.0,220000.0,160000.0,60000.0
2026-09-21,OFF_CPS_01,1,1,0,100.0,75000.0,50000.0,25000.0
2026-09-21,OFF_CPI_01,1,1,0,100.0,45000.0,30000.0,15000.0
2026-09-21,OFF_FIN_01,2,1,1,50.0,420000.0,310000.0,110000.0
2026-09-21,OFF_FIN_08,1,0,0,0.0,0.0,0.0,0.0
2026-09-21,OFF_CPS_02,1,1,0,100.0,90000.0,65000.0,25000.0
2026-09-22,OFF_CPS_02,1,1,0,100.0,90000.0,65000.0,25000.0
2026-09-22,OFF_CPO_05,1,1,0,100.0,260000.0,180000.0,80000.0
2026-09-22,OFF_FIN_03,2,2,0,100.0,290000.0,210000.0,80000.0
2026-09-22,OFF_FIN_01,2,1,1,50.0,420000.0,310000.0,110000.0
2026-09-22,OFF_CPI_01,2,1,1,50.0,45000.0,30000.0,15000.0
2026-09-22,OFF_FIN_06,1,1,0,100.0,290000.0,210000.0,80000.0
2026-09-22,OFF_CPO_01,1,1,0,100.0,310000.0,220000.0,90000.0
2026-09-22,OFF_CPO_04,1,1,0,100.0,350000.0,250000.0,100000.0
2026-09-22,OFF_FIN_07,1,0,0,0.0,0.0,0.0,0.0
2026-09-23,OFF_FIN_05,1,0,1,0.0,0.0,0.0,0.0
2026-09-23,OFF_CPO_04,2,1,1,50.0,350000.0,250000.0,100000.0
2026-09-23,OFF_CPO_01,3,1,1,33.33,310000.0,220000.0,90000.0
2026-09-23,OFF_CPO_02,3,3,0,100.0,840000.0,585000.0,255000.0
2026-09-23,OFF_FIN_08,1,1,0,100.0,400000.0,290000.0,110000.0
2026-09-23,OFF_CPO_03,2,1,1,50.0,330000.0,240000.0,90000.0
2026-09-23,OFF_FIN_07,1,0,1,0.0,0.0,0.0,0.0
2026-09-23,OFF_FIN_01,1,0,1,0.0,0.0,0.0,0.0
2026-09-23,OFF_CPO_05,3,2,1,66.67,520000.0,360000.0,160000.0
2026-09-23,OFF_FIN_02,1,1,0,100.0,130000.0,95000.0,35000.0
2026-09-24,OFF_FIN_01,2,1,1,50.0,420000.0,310000.0,110000.0
2026-09-24,OFF_FIN_04,1,0,0,0.0,0.0,0.0,0.0
2026-09-24,OFF_FIN_07,1,0,0,0.0,0.0,0.0,0.0
2026-09-24,OFF_CPO_05,3,2,1,66.67,520000.0,360000.0,160000.0
2026-09-24,OFF_FIN_08,3,2,1,66.67,800000.0,580000.0,220000.0
2026-09-24,OFF_FIN_02,2,1,1,50.0,130000.0,95000.0,35000.0
2026-09-24,OFF_FIN_03,2,1,1,50.0,145000.0,105000.0,40000.0
2026-09-24,OFF_CPO_02,1,1,0,100.0,280000.0,195000.0,85000.0
2026-09-24,OFF_CPI_01,2,1,0,50.0,45000.0,30000.0,15000.0
2026-09-24,OFF_CPS_01,2,2,0,100.0,150000.0,100000.0,50000.0
2026-09-25,OFF_FIN_07,3,2,0,66.67,640000.0,460000.0,180000.0
2026-09-25,OFF_CPS_01,3,2,1,66.67,150000.0,100000.0,50000.0
2026-09-25,OFF_CPO_05,1,1,0,100.0,260000.0,180000.0,80000.0
2026-09-25,OFF_CPI_01,1,0,1,0.0,0.0,0.0,0.0
2026-09-25,OFF_FIN_08,2,1,1,50.0,400000.0,290000.0,110000.0
2026-09-25,OFF_FIN_03,3,1,2,33.33,145000.0,105000.0,40000.0
2026-09-25,OFF_FIN_04,1,0,1,0.0,0.0,0.0,0.0
2026-09-25,OFF_FIN_06,1,1,0,100.0,290000.0,210000.0,80000.0
2026-09-25,OFF_CPO_02,1,0,1,0.0,0.0,0.0,0.0
2026-09-25,OFF_FIN_02,2,0,2,0.0,0.0,0.0,0.0
2026-09-25,OFF_CPS_02,1,1,0,100.0,90000.0,65000.0,25000.0
2026-09-25,OFF_CPO_03,1,0,1,0.0,0.0,0.0,0.0
2026-09-25,OFF_CPO_01,1,0,1,0.0,0.0,0.0,0.0
2026-09-26,OFF_FIN_01,1,0,0,0.0,0.0,0.0,0.0
2026-09-26,OFF_FIN_08,2,1,0,50.0,400000.0,290000.0,110000.0
2026-09-26,OFF_FIN_03,2,0,2,0.0,0.0,0.0,0.0
2026-09-26,OFF_CPS_02,1,1,0,100.0,90000.0,65000.0,25000.0
2026-09-26,OFF_CPO_02,5,4,1,80.0,1120000.0,780000.0,340000.0
2026-09-26,OFF_CPO_04,1,1,0,100.0,350000.0,250000.0,100000.0
2026-09-26,OFF_CPO_03,1,1,0,100.0,330000.0,240000.0,90000.0
2026-09-26,OFF_FIN_07,1,1,0,100.0,320000.0,230000.0,90000.0
2026-09-26,OFF_FIN_02,1,1,0,100.0,130000.0,95000.0,35000.0
2026-09-27,OFF_FIN_07,2,0,1,0.0,0.0,0.0,0.0
2026-09-27,OFF_CPO_03,3,1,0,33.33,330000.0,240000.0,90000.0
2026-09-27,OFF_CPO_02,2,0,2,0.0,0.0,0.0,0.0
2026-09-27,OFF_FIN_02,3,2,1,66.67,260000.0,190000.0,70000.0
2026-09-27,OFF_CPO_04,1,0,1,0.0,0.0,0.0,0.0
2026-09-27,OFF_CPS_01,4,2,2,50.0,150000.0,100000.0,50000.0
2026-09-27,OFF_FIN_01,1,0,1,0.0,0.0,0.0,0.0
2026-09-27,OFF_FIN_03,2,0,1,0.0,0.0,0.0,0.0
2026-09-27,OFF_FIN_04,1,0,1,0.0,0.0,0.0,0.0
2026-09-27,OFF_CPI_01,1,1,0,100.0,45000.0,30000.0,15000.0
2026-09-27,OFF_CPO_01,1,0,1,0.0,0.0,0.0,0.0
2026-09-28,OFF_CPS_01,2,1,1,50.0,75000.0,50000.0,25000.0
2026-09-28,OFF_CPO_04,1,0,1,0.0,0.0,0.0,0.0
2026-09-28,OFF_CPO_01,3,1,1,33.33,310000.0,220000.0,90000.0
2026-09-28,OFF_CPI_01,1,0,1,0.0,0.0,0.0,0.0
2026-09-28,OFF_FIN_01,1,1,0,100.0,420000.0,310000.0,110000.0
2026-09-28,OFF_CPS_02,4,3,1,75.0,270000.0,195000.0,75000.0
2026-09-28,OFF_FIN_04,1,0,1,0.0,0.0,0.0,0.0
2026-09-28,OFF_CPO_03,3,2,1,66.67,660000.0,480000.0,180000.0
2026-09-28,OFF_FIN_07,2,0,2,0.0,0.0,0.0,0.0
2026-09-28,OFF_CPO_05,1,1,0,100.0,260000.0,180000.0,80000.0
2026-09-28,OFF_FIN_02,2,1,1,50.0,130000.0,95000.0,35000.0
2026-09-29,OFF_CPO_05,2,0,1,0.0,0.0,0.0,0.0
2026-09-29,OFF_CPO_02,1,1,0,100.0,280000.0,195000.0,85000.0
2026-09-29,OFF_CPO_01,6,5,1,83.33,1550000.0,1100000.0,450000.0
2026-09-29,OFF_CPO_03,2,1,1,50.0,330000.0,240000.0,90000.0
2026-09-29,OFF_FIN_08,2,1,1,50.0,400000.0,290000.0,110000.0
2026-09-29,OFF_CPS_02,1,1,0,100.0,90000.0,65000.0,25000.0
2026-09-29,OFF_FIN_07,2,1,0,50.0,320000.0,230000.0,90000.0
2026-09-29,OFF_FIN_03,1,0,0,0.0,0.0,0.0,0.0
2026-09-29,OFF_FIN_06,1,0,1,0.0,0.0,0.0,0.0
2026-09-29,OFF_FIN_02,1,0,1,0.0,0.0,0.0,0.0
2026-09-29,OFF_CPS_01,1,0,1,0.0,0.0,0.0,0.0
2026-09-29,OFF_CPO_04,2,1,1,50.0,350000.0,250000.0,100000.0
2026-09-29,OFF_FIN_04,1,0,1,0.0,0.0,0.0,0.0
2026-09-30,OFF_FIN_03,2,2,0,100.0,290000.0,210000.0,80000.0
2026-09-30,OFF_FIN_02,3,2,1,66.67,260000.0,190000.0,70000.0
2026-09-30,OFF_FIN_01,1,1,0,100.0,420000.0,310000.0,110000.0
2026-09-30,OFF_CPS_02,2,2,0,100.0,180000.0,130000.0,50000.0
2026-09-30,OFF_CPO_05,1,1,0,100.0,260000.0,180000.0,80000.0
2026-09-30,OFF_FIN_05,2,0,1,0.0,0.0,0.0,0.0
2026-09-30,OFF_CPO_01,2,0,1,0.0,0.0,0.0,0.0
2026-09-30,OFF_FIN_08,2,0,2,0.0,0.0,0.0,0.0
2026-09-30,OFF_FIN_04,2,1,1,50.0,480000.0,350000.0,130000.0
2026-09-30,OFF_FIN_06,1,1,0,100.0,290000.0,210000.0,80000.0
