publisher_id,total_leads,approved_leads,approval_rate_pct,fast_ttc_bot_leads,total_margin_vnd,risk_level
PUB_095,6,4,66.67,0,230000.0,NORMAL
PUB_035,93,59,63.44,0,3970000.0,NORMAL
PUB_024,89,53,59.55,0,3240000.0,NORMAL
PUB_012,99,68,68.69,0,4310000.0,NORMAL
PUB_018,80,55,68.75,0,2980000.0,NORMAL
PUB_009,5,3,60.0,0,145000.0,NORMAL
PUB_091,69,4,5.8,69,280000.0,CRITICAL: BOT SCRIPT DETECTED
PUB_069,4,1,25.0,0,15000.0,NORMAL
PUB_011,4,3,75.0,0,90000.0,NORMAL
PUB_061,10,8,80.0,0,525000.0,NORMAL
PUB_005,83,65,78.31,0,4160000.0,NORMAL
PUB_077,75,1,1.33,75,80000.0,CRITICAL: BOT SCRIPT DETECTED
PUB_042,105,3,2.86,105,95000.0,CRITICAL: BOT SCRIPT DETECTED
PUB_078,6,3,50.0,0,300000.0,NORMAL
PUB_050,7,7,100.0,0,240000.0,NORMAL
PUB_032,4,4,100.0,0,265000.0,NORMAL
PUB_008,8,5,62.5,0,465000.0,NORMAL
PUB_034,9,5,55.56,0,300000.0,NORMAL
PUB_072,4,4,100.0,0,300000.0,NORMAL
PUB_056,7,4,57.14,0,265000.0,NORMAL
PUB_003,5,2,40.0,0,180000.0,NORMAL
PUB_013,12,6,50.0,0,370000.0,NORMAL
PUB_017,7,4,57.14,0,295000.0,NORMAL
PUB_006,5,2,40.0,0,95000.0,NORMAL
PUB_048,3,3,100.0,0,185000.0,NORMAL
PUB_055,10,6,60.0,0,305000.0,NORMAL
PUB_021,5,5,100.0,0,290000.0,NORMAL
PUB_051,5,5,100.0,0,405000.0,NORMAL
PUB_063,4,3,75.0,0,290000.0,NORMAL
PUB_068,3,3,100.0,0,160000.0,NORMAL
PUB_092,6,3,50.0,0,145000.0,NORMAL
PUB_040,5,2,40.0,0,40000.0,NORMAL
PUB_062,4,1,25.0,0,85000.0,NORMAL
PUB_025,8,7,87.5,0,410000.0,NORMAL
PUB_052,7,5,71.43,0,285000.0,NORMAL
PUB_074,3,0,0.0,0,0.0,NORMAL
PUB_071,7,5,71.43,0,325000.0,NORMAL
PUB_087,5,1,20.0,0,90000.0,NORMAL
PUB_093,7,4,57.14,0,270000.0,NORMAL
PUB_007,5,3,60.0,0,300000.0,NORMAL
PUB_079,2,1,50.0,0,85000.0,NORMAL
PUB_088,5,3,60.0,0,150000.0,NORMAL
PUB_022,5,3,60.0,0,190000.0,NORMAL
PUB_039,6,5,83.33,0,365000.0,NORMAL
PUB_090,6,5,83.33,0,390000.0,NORMAL
PUB_086,5,4,80.0,0,220000.0,NORMAL
PUB_004,4,3,75.0,0,235000.0,NORMAL
PUB_067,3,1,33.33,0,30000.0,NORMAL
PUB_100,1,1,100.0,0,30000.0,NORMAL
PUB_002,7,5,71.43,0,450000.0,NORMAL
PUB_016,4,3,75.0,0,215000.0,NORMAL
PUB_049,2,1,50.0,0,90000.0,NORMAL
PUB_094,4,4,100.0,0,160000.0,NORMAL
PUB_037,2,2,100.0,0,175000.0,NORMAL
PUB_075,5,2,40.0,0,170000.0,NORMAL
PUB_031,6,5,83.33,0,395000.0,NORMAL
PUB_043,6,3,50.0,0,300000.0,NORMAL
PUB_099,7,5,71.43,0,290000.0,NORMAL
PUB_097,5,3,60.0,0,145000.0,NORMAL
PUB_019,4,2,50.0,0,115000.0,NORMAL
PUB_044,4,4,100.0,0,225000.0,NORMAL
PUB_054,5,3,60.0,0,185000.0,NORMAL
PUB_081,7,3,42.86,0,195000.0,NORMAL
PUB_064,5,3,60.0,0,150000.0,NORMAL
PUB_065,5,5,100.0,0,325000.0,NORMAL
PUB_045,2,1,50.0,0,85000.0,NORMAL
PUB_059,9,6,66.67,0,470000.0,NORMAL
PUB_028,3,1,33.33,0,80000.0,NORMAL
PUB_029,6,3,50.0,0,195000.0,NORMAL
PUB_096,2,1,50.0,0,35000.0,NORMAL
PUB_058,3,1,33.33,0,25000.0,NORMAL
PUB_014,4,2,50.0,0,60000.0,NORMAL
PUB_023,2,1,50.0,0,90000.0,NORMAL
PUB_080,4,4,100.0,0,255000.0,NORMAL
PUB_010,7,5,71.43,0,195000.0,NORMAL
PUB_085,5,3,60.0,0,290000.0,NORMAL
PUB_027,7,6,85.71,0,350000.0,NORMAL
PUB_001,6,5,83.33,0,215000.0,NORMAL
PUB_020,2,2,100.0,0,105000.0,NORMAL
PUB_060,3,3,100.0,0,90000.0,NORMAL
PUB_047,5,4,80.0,0,410000.0,NORMAL
PUB_015,4,3,75.0,0,250000.0,NORMAL
PUB_083,2,2,100.0,0,120000.0,NORMAL
PUB_026,4,3,75.0,0,185000.0,NORMAL
PUB_057,6,4,66.67,0,295000.0,NORMAL
PUB_098,1,0,0.0,0,0.0,NORMAL
PUB_066,4,2,50.0,0,95000.0,NORMAL
PUB_053,3,2,66.67,0,155000.0,NORMAL
PUB_038,4,3,75.0,0,225000.0,NORMAL
PUB_041,4,4,100.0,0,230000.0,NORMAL
PUB_073,4,3,75.0,0,220000.0,NORMAL
PUB_033,2,2,100.0,0,180000.0,NORMAL
PUB_076,2,0,0.0,0,0.0,NORMAL
PUB_082,4,2,50.0,0,195000.0,NORMAL
PUB_030,1,1,100.0,0,30000.0,NORMAL
PUB_036,1,1,100.0,0,40000.0,NORMAL
PUB_046,2,0,0.0,0,0.0,NORMAL
PUB_089,2,1,50.0,0,35000.0,NORMAL
PUB_070,2,1,50.0,0,15000.0,NORMAL
PUB_084,4,4,100.0,0,315000.0,NORMAL
