cohort,cohort_size,0,1,2,3,4,5,6
2025-10,92,56.37925017827611,100.0,146.40337434948185,131.62542293161783,124.20761959671668,138.789846606685,128.8185225083069
2025-11,101,54.54627716530683,100.0,126.71663625258269,115.21558809778756,119.57862669099792,121.38989850242056,125.09689776343373
2025-12,88,52.70769814945109,100.0,146.28270847991422,136.5743067421628,138.74537921175772,121.3008565908355,124.25034341809898
2026-01,108,52.48582995951418,100.0,148.979020979021,134.01104158998896,127.43908722856092,127.02834008097166,120.40927493559073
2026-02,91,53.971911611322675,100.0,137.60642297523466,116.33153030780798,97.16205399374196,96.53382492056177,96.22334877628738
2026-03,95,48.886204107715194,100.0,137.70630934669953,118.03440735674417,119.01890108134555,117.17372420197098,118.56859005721248
2026-04,109,56.387876587080285,100.0,135.9928411168895,130.01024550300232,124.90435369032642,124.46859558794921,
2026-05,105,57.63938421302901,100.0,141.61465763195434,133.72265810746552,132.1267237280076,,
2026-06,109,53.46760188547328,100.0,133.74117593991747,136.04839982859335,,,
2026-07,105,45.17238351674081,100.0,98.71809880590025,,,,
2026-08,94,81.17512384786943,100.0,,,,,
2026-09,103,,,,,,,
