publisher_id,publisher_name,tier,traffic_channel,gross_payout_vnd,pit_tax_withholding_10pct_vnd,net_payable_vnd,payment_status
PUB_001,Affiliate_Partner_PUB_001,Platinum,SEO Content Hub,166252000.0,16625200.0,149626800.0,READY TO PAY
PUB_002,Affiliate_Partner_PUB_002,Silver,Telegram/Zalo Community,166430000.0,16643000.0,149787000.0,READY TO PAY
PUB_003,Affiliate_Partner_PUB_003,Bronze,Google Ads Specialist,167337000.0,16733700.0,150603300.0,READY TO PAY
PUB_004,Affiliate_Partner_PUB_004,Silver,Telegram/Zalo Community,173232000.0,17323200.0,155908800.0,READY TO PAY
PUB_005,Affiliate_Partner_PUB_005,Bronze,Google Ads Specialist,171371000.0,17137100.0,154233900.0,READY TO PAY
PUB_006,Affiliate_Partner_PUB_006,Platinum,SEO Content Hub,166115000.0,16611500.0,149503500.0,READY TO PAY
PUB_007,Affiliate_Partner_PUB_007,Bronze,SEO Content Hub,162196000.0,16219600.0,145976400.0,READY TO PAY
PUB_008,Affiliate_Partner_PUB_008,Bronze,YouTube Reviewer,161676000.0,16167600.0,145508400.0,READY TO PAY
PUB_009,Affiliate_Partner_PUB_009,Silver,TikTok Creator,167716000.0,16771600.0,150944400.0,READY TO PAY
PUB_010,Affiliate_Partner_PUB_010,Platinum,SEO Content Hub,164125000.0,16412500.0,147712500.0,READY TO PAY
PUB_011,Affiliate_Partner_PUB_011,Bronze,YouTube Reviewer,10101000.0,1010100.0,9090900.0,READY TO PAY
PUB_012,Affiliate_Partner_PUB_012,Silver,SEO Content Hub,13416000.0,1341600.0,12074400.0,READY TO PAY
PUB_013,Affiliate_Partner_PUB_013,Bronze,TikTok Creator,7810000.0,781000.0,7029000.0,READY TO PAY
PUB_014,Affiliate_Partner_PUB_014,Silver,Telegram/Zalo Community,12502000.0,1250200.0,11251800.0,READY TO PAY
PUB_015,Affiliate_Partner_PUB_015,Platinum,SEO Content Hub,10388000.0,1038800.0,9349200.0,READY TO PAY
PUB_016,Affiliate_Partner_PUB_016,Bronze,Facebook Media Buyer,10104000.0,1010400.0,9093600.0,READY TO PAY
PUB_017,Affiliate_Partner_PUB_017,Bronze,Telegram/Zalo Community,10574000.0,1057400.0,9516600.0,READY TO PAY
PUB_018,Affiliate_Partner_PUB_018,Bronze,SEO Content Hub,7356000.0,735600.0,6620400.0,READY TO PAY
PUB_019,Affiliate_Partner_PUB_019,Gold,Google Ads Specialist,12538000.0,1253800.0,11284200.0,READY TO PAY
PUB_020,Affiliate_Partner_PUB_020,Bronze,SEO Content Hub,9268000.0,926800.0,8341200.0,READY TO PAY
PUB_021,Affiliate_Partner_PUB_021,Silver,Facebook Media Buyer,12889000.0,1288900.0,11600100.0,READY TO PAY
PUB_022,Affiliate_Partner_PUB_022,Gold,Facebook Media Buyer,12221000.0,1222100.0,10998900.0,READY TO PAY
PUB_023,Affiliate_Partner_PUB_023,Gold,Facebook Media Buyer,8398000.0,839800.0,7558200.0,READY TO PAY
PUB_024,Affiliate_Partner_PUB_024,Bronze,YouTube Reviewer,10395000.0,1039500.0,9355500.0,READY TO PAY
PUB_025,Affiliate_Partner_PUB_025,Bronze,Telegram/Zalo Community,11176000.0,1117600.0,10058400.0,READY TO PAY
PUB_026,Affiliate_Partner_PUB_026,Silver,Telegram/Zalo Community,9175000.0,917500.0,8257500.0,READY TO PAY
PUB_027,Affiliate_Partner_PUB_027,Silver,SEO Content Hub,11825000.0,1182500.0,10642500.0,READY TO PAY
PUB_028,Affiliate_Partner_PUB_028,Gold,Telegram/Zalo Community,9246000.0,924600.0,8321400.0,READY TO PAY
PUB_029,Affiliate_Partner_PUB_029,Platinum,TikTok Creator,11908000.0,1190800.0,10717200.0,READY TO PAY
PUB_030,Affiliate_Partner_PUB_030,Bronze,TikTok Creator,9859000.0,985900.0,8873100.0,READY TO PAY
PUB_031,Affiliate_Partner_PUB_031,Bronze,Google Ads Specialist,9944000.0,994400.0,8949600.0,READY TO PAY
PUB_032,Affiliate_Partner_PUB_032,Gold,Google Ads Specialist,10200000.0,1020000.0,9180000.0,READY TO PAY
PUB_033,Affiliate_Partner_PUB_033,Bronze,Facebook Media Buyer,12086000.0,1208600.0,10877400.0,READY TO PAY
PUB_034,Affiliate_Partner_PUB_034,Gold,SEO Content Hub,11080000.0,1108000.0,9972000.0,READY TO PAY
PUB_035,Affiliate_Partner_PUB_035,Bronze,SEO Content Hub,10725000.0,1072500.0,9652500.0,READY TO PAY
PUB_036,Affiliate_Partner_PUB_036,Bronze,YouTube Reviewer,13141000.0,1314100.0,11826900.0,READY TO PAY
PUB_037,Affiliate_Partner_PUB_037,Silver,SEO Content Hub,10581000.0,1058100.0,9522900.0,READY TO PAY
PUB_038,Affiliate_Partner_PUB_038,Bronze,TikTok Creator,12656000.0,1265600.0,11390400.0,READY TO PAY
PUB_039,Affiliate_Partner_PUB_039,Silver,TikTok Creator,11161000.0,1116100.0,10044900.0,READY TO PAY
PUB_040,Affiliate_Partner_PUB_040,Silver,YouTube Reviewer,8294000.0,829400.0,7464600.0,READY TO PAY
PUB_041,Affiliate_Partner_PUB_041,Bronze,Facebook Media Buyer,11400000.0,1140000.0,10260000.0,READY TO PAY
PUB_042,Affiliate_Partner_PUB_042,Bronze,TikTok Creator,8130000.0,813000.0,7317000.0,HOLD (FRAUD AUDIT)
PUB_043,Affiliate_Partner_PUB_043,Gold,SEO Content Hub,9443000.0,944300.0,8498700.0,READY TO PAY
PUB_044,Affiliate_Partner_PUB_044,Silver,Telegram/Zalo Community,7574000.0,757400.0,6816600.0,READY TO PAY
PUB_045,Affiliate_Partner_PUB_045,Platinum,SEO Content Hub,10272000.0,1027200.0,9244800.0,READY TO PAY
PUB_046,Affiliate_Partner_PUB_046,Silver,Google Ads Specialist,11209000.0,1120900.0,10088100.0,READY TO PAY
PUB_047,Affiliate_Partner_PUB_047,Silver,Facebook Media Buyer,9091000.0,909100.0,8181900.0,READY TO PAY
PUB_048,Affiliate_Partner_PUB_048,Bronze,TikTok Creator,12341000.0,1234100.0,11106900.0,READY TO PAY
PUB_049,Affiliate_Partner_PUB_049,Bronze,SEO Content Hub,8990000.0,899000.0,8091000.0,READY TO PAY
PUB_050,Affiliate_Partner_PUB_050,Gold,YouTube Reviewer,7722000.0,772200.0,6949800.0,READY TO PAY
PUB_051,Affiliate_Partner_PUB_051,Bronze,Facebook Media Buyer,11611000.0,1161100.0,10449900.0,READY TO PAY
PUB_052,Affiliate_Partner_PUB_052,Bronze,YouTube Reviewer,13623000.0,1362300.0,12260700.0,READY TO PAY
PUB_053,Affiliate_Partner_PUB_053,Bronze,YouTube Reviewer,10556000.0,1055600.0,9500400.0,READY TO PAY
PUB_054,Affiliate_Partner_PUB_054,Bronze,Google Ads Specialist,10206000.0,1020600.0,9185400.0,READY TO PAY
PUB_055,Affiliate_Partner_PUB_055,Bronze,YouTube Reviewer,11477000.0,1147700.0,10329300.0,READY TO PAY
PUB_056,Affiliate_Partner_PUB_056,Bronze,Facebook Media Buyer,12425000.0,1242500.0,11182500.0,READY TO PAY
PUB_057,Affiliate_Partner_PUB_057,Bronze,YouTube Reviewer,8780000.0,878000.0,7902000.0,READY TO PAY
PUB_058,Affiliate_Partner_PUB_058,Bronze,SEO Content Hub,11488000.0,1148800.0,10339200.0,READY TO PAY
PUB_059,Affiliate_Partner_PUB_059,Bronze,SEO Content Hub,11602000.0,1160200.0,10441800.0,READY TO PAY
PUB_060,Affiliate_Partner_PUB_060,Bronze,Telegram/Zalo Community,10801000.0,1080100.0,9720900.0,READY TO PAY
PUB_061,Affiliate_Partner_PUB_061,Silver,Google Ads Specialist,12230000.0,1223000.0,11007000.0,READY TO PAY
PUB_062,Affiliate_Partner_PUB_062,Bronze,SEO Content Hub,11318000.0,1131800.0,10186200.0,READY TO PAY
PUB_063,Affiliate_Partner_PUB_063,Silver,TikTok Creator,10918000.0,1091800.0,9826200.0,READY TO PAY
PUB_064,Affiliate_Partner_PUB_064,Silver,Facebook Media Buyer,9580000.0,958000.0,8622000.0,READY TO PAY
PUB_065,Affiliate_Partner_PUB_065,Bronze,YouTube Reviewer,9785000.0,978500.0,8806500.0,READY TO PAY
PUB_066,Affiliate_Partner_PUB_066,Bronze,Google Ads Specialist,12340000.0,1234000.0,11106000.0,READY TO PAY
PUB_067,Affiliate_Partner_PUB_067,Bronze,YouTube Reviewer,9049000.0,904900.0,8144100.0,READY TO PAY
PUB_068,Affiliate_Partner_PUB_068,Bronze,YouTube Reviewer,10810000.0,1081000.0,9729000.0,READY TO PAY
PUB_069,Affiliate_Partner_PUB_069,Bronze,TikTok Creator,11133000.0,1113300.0,10019700.0,READY TO PAY
PUB_070,Affiliate_Partner_PUB_070,Silver,YouTube Reviewer,11811000.0,1181100.0,10629900.0,READY TO PAY
PUB_071,Affiliate_Partner_PUB_071,Bronze,SEO Content Hub,9416000.0,941600.0,8474400.0,READY TO PAY
PUB_072,Affiliate_Partner_PUB_072,Gold,Google Ads Specialist,10203000.0,1020300.0,9182700.0,READY TO PAY
PUB_073,Affiliate_Partner_PUB_073,Platinum,SEO Content Hub,11714000.0,1171400.0,10542600.0,READY TO PAY
PUB_074,Affiliate_Partner_PUB_074,Gold,Facebook Media Buyer,10756000.0,1075600.0,9680400.0,READY TO PAY
PUB_075,Affiliate_Partner_PUB_075,Silver,SEO Content Hub,9794000.0,979400.0,8814600.0,READY TO PAY
PUB_076,Affiliate_Partner_PUB_076,Silver,YouTube Reviewer,11434000.0,1143400.0,10290600.0,READY TO PAY
PUB_077,Affiliate_Partner_PUB_077,Bronze,SEO Content Hub,7483000.0,748300.0,6734700.0,HOLD (FRAUD AUDIT)
PUB_078,Affiliate_Partner_PUB_078,Silver,TikTok Creator,11133000.0,1113300.0,10019700.0,READY TO PAY
PUB_079,Affiliate_Partner_PUB_079,Bronze,TikTok Creator,11080000.0,1108000.0,9972000.0,READY TO PAY
PUB_080,Affiliate_Partner_PUB_080,Gold,Telegram/Zalo Community,9847000.0,984700.0,8862300.0,READY TO PAY
PUB_081,Affiliate_Partner_PUB_081,Bronze,TikTok Creator,10822000.0,1082200.0,9739800.0,READY TO PAY
PUB_082,Affiliate_Partner_PUB_082,Gold,Google Ads Specialist,13526000.0,1352600.0,12173400.0,READY TO PAY
PUB_083,Affiliate_Partner_PUB_083,Silver,TikTok Creator,11286000.0,1128600.0,10157400.0,READY TO PAY
PUB_084,Affiliate_Partner_PUB_084,Bronze,TikTok Creator,10915000.0,1091500.0,9823500.0,READY TO PAY
PUB_085,Affiliate_Partner_PUB_085,Silver,SEO Content Hub,8438000.0,843800.0,7594200.0,READY TO PAY
PUB_086,Affiliate_Partner_PUB_086,Platinum,YouTube Reviewer,10786000.0,1078600.0,9707400.0,READY TO PAY
PUB_087,Affiliate_Partner_PUB_087,Bronze,Telegram/Zalo Community,11481000.0,1148100.0,10332900.0,READY TO PAY
PUB_088,Affiliate_Partner_PUB_088,Silver,Facebook Media Buyer,9004000.0,900400.0,8103600.0,READY TO PAY
PUB_089,Affiliate_Partner_PUB_089,Bronze,Telegram/Zalo Community,10529000.0,1052900.0,9476100.0,READY TO PAY
PUB_090,Affiliate_Partner_PUB_090,Bronze,SEO Content Hub,10765000.0,1076500.0,9688500.0,READY TO PAY
PUB_091,Affiliate_Partner_PUB_091,Bronze,SEO Content Hub,11352000.0,1135200.0,10216800.0,HOLD (FRAUD AUDIT)
PUB_092,Affiliate_Partner_PUB_092,Silver,Google Ads Specialist,10417000.0,1041700.0,9375300.0,READY TO PAY
PUB_093,Affiliate_Partner_PUB_093,Silver,SEO Content Hub,13405000.0,1340500.0,12064500.0,READY TO PAY
PUB_094,Affiliate_Partner_PUB_094,Silver,YouTube Reviewer,11881000.0,1188100.0,10692900.0,READY TO PAY
PUB_095,Affiliate_Partner_PUB_095,Silver,Telegram/Zalo Community,9525000.0,952500.0,8572500.0,READY TO PAY
PUB_096,Affiliate_Partner_PUB_096,Bronze,Google Ads Specialist,12213000.0,1221300.0,10991700.0,READY TO PAY
PUB_097,Affiliate_Partner_PUB_097,Silver,YouTube Reviewer,13324000.0,1332400.0,11991600.0,READY TO PAY
PUB_098,Affiliate_Partner_PUB_098,Silver,Google Ads Specialist,8536000.0,853600.0,7682400.0,READY TO PAY
PUB_099,Affiliate_Partner_PUB_099,Bronze,TikTok Creator,13135000.0,1313500.0,11821500.0,READY TO PAY
PUB_100,Affiliate_Partner_PUB_100,Silver,SEO Content Hub,13025000.0,1302500.0,11722500.0,READY TO PAY
PUB_101,Affiliate_Partner_PUB_101,Gold,Telegram/Zalo Community,9594000.0,959400.0,8634600.0,READY TO PAY
PUB_102,Affiliate_Partner_PUB_102,Gold,Telegram/Zalo Community,10846000.0,1084600.0,9761400.0,READY TO PAY
PUB_103,Affiliate_Partner_PUB_103,Silver,Telegram/Zalo Community,9206000.0,920600.0,8285400.0,READY TO PAY
PUB_104,Affiliate_Partner_PUB_104,Bronze,TikTok Creator,9528000.0,952800.0,8575200.0,READY TO PAY
PUB_105,Affiliate_Partner_PUB_105,Bronze,Telegram/Zalo Community,10699000.0,1069900.0,9629100.0,READY TO PAY
PUB_106,Affiliate_Partner_PUB_106,Bronze,Google Ads Specialist,11886000.0,1188600.0,10697400.0,READY TO PAY
PUB_107,Affiliate_Partner_PUB_107,Platinum,Facebook Media Buyer,12117000.0,1211700.0,10905300.0,READY TO PAY
PUB_108,Affiliate_Partner_PUB_108,Silver,Google Ads Specialist,11266000.0,1126600.0,10139400.0,READY TO PAY
PUB_109,Affiliate_Partner_PUB_109,Silver,Facebook Media Buyer,12202000.0,1220200.0,10981800.0,READY TO PAY
PUB_110,Affiliate_Partner_PUB_110,Bronze,Facebook Media Buyer,10284000.0,1028400.0,9255600.0,READY TO PAY
PUB_111,Affiliate_Partner_PUB_111,Bronze,TikTok Creator,11149000.0,1114900.0,10034100.0,READY TO PAY
PUB_112,Affiliate_Partner_PUB_112,Bronze,Telegram/Zalo Community,9894000.0,989400.0,8904600.0,READY TO PAY
PUB_113,Affiliate_Partner_PUB_113,Bronze,Google Ads Specialist,11394000.0,1139400.0,10254600.0,READY TO PAY
PUB_114,Affiliate_Partner_PUB_114,Silver,SEO Content Hub,9576000.0,957600.0,8618400.0,READY TO PAY
PUB_115,Affiliate_Partner_PUB_115,Gold,SEO Content Hub,10306000.0,1030600.0,9275400.0,READY TO PAY
PUB_116,Affiliate_Partner_PUB_116,Gold,YouTube Reviewer,11389000.0,1138900.0,10250100.0,READY TO PAY
PUB_117,Affiliate_Partner_PUB_117,Silver,SEO Content Hub,8173000.0,817300.0,7355700.0,READY TO PAY
PUB_118,Affiliate_Partner_PUB_118,Bronze,YouTube Reviewer,11115000.0,1111500.0,10003500.0,READY TO PAY
PUB_119,Affiliate_Partner_PUB_119,Bronze,YouTube Reviewer,12067000.0,1206700.0,10860300.0,READY TO PAY
PUB_120,Affiliate_Partner_PUB_120,Bronze,Facebook Media Buyer,10604000.0,1060400.0,9543600.0,READY TO PAY
PUB_121,Affiliate_Partner_PUB_121,Gold,Facebook Media Buyer,11874000.0,1187400.0,10686600.0,READY TO PAY
PUB_122,Affiliate_Partner_PUB_122,Bronze,Google Ads Specialist,10201000.0,1020100.0,9180900.0,READY TO PAY
PUB_123,Affiliate_Partner_PUB_123,Bronze,Telegram/Zalo Community,10433000.0,1043300.0,9389700.0,READY TO PAY
PUB_124,Affiliate_Partner_PUB_124,Silver,Telegram/Zalo Community,12395000.0,1239500.0,11155500.0,READY TO PAY
PUB_125,Affiliate_Partner_PUB_125,Bronze,Telegram/Zalo Community,11148000.0,1114800.0,10033200.0,READY TO PAY
PUB_126,Affiliate_Partner_PUB_126,Silver,Google Ads Specialist,9668000.0,966800.0,8701200.0,READY TO PAY
PUB_127,Affiliate_Partner_PUB_127,Platinum,Telegram/Zalo Community,12847000.0,1284700.0,11562300.0,READY TO PAY
PUB_128,Affiliate_Partner_PUB_128,Bronze,YouTube Reviewer,10421000.0,1042100.0,9378900.0,READY TO PAY
PUB_129,Affiliate_Partner_PUB_129,Bronze,Google Ads Specialist,10833000.0,1083300.0,9749700.0,READY TO PAY
PUB_130,Affiliate_Partner_PUB_130,Bronze,Telegram/Zalo Community,12834000.0,1283400.0,11550600.0,READY TO PAY
PUB_131,Affiliate_Partner_PUB_131,Silver,TikTok Creator,10813000.0,1081300.0,9731700.0,READY TO PAY
PUB_132,Affiliate_Partner_PUB_132,Gold,Facebook Media Buyer,11891000.0,1189100.0,10701900.0,READY TO PAY
PUB_133,Affiliate_Partner_PUB_133,Bronze,Facebook Media Buyer,10737000.0,1073700.0,9663300.0,READY TO PAY
PUB_134,Affiliate_Partner_PUB_134,Silver,TikTok Creator,9314000.0,931400.0,8382600.0,READY TO PAY
PUB_135,Affiliate_Partner_PUB_135,Silver,Telegram/Zalo Community,11589000.0,1158900.0,10430100.0,READY TO PAY
PUB_136,Affiliate_Partner_PUB_136,Silver,YouTube Reviewer,10297000.0,1029700.0,9267300.0,READY TO PAY
PUB_137,Affiliate_Partner_PUB_137,Bronze,Facebook Media Buyer,12046000.0,1204600.0,10841400.0,READY TO PAY
PUB_138,Affiliate_Partner_PUB_138,Bronze,TikTok Creator,11809000.0,1180900.0,10628100.0,READY TO PAY
PUB_139,Affiliate_Partner_PUB_139,Bronze,Telegram/Zalo Community,10507000.0,1050700.0,9456300.0,READY TO PAY
PUB_140,Affiliate_Partner_PUB_140,Platinum,YouTube Reviewer,10627000.0,1062700.0,9564300.0,READY TO PAY
PUB_141,Affiliate_Partner_PUB_141,Gold,Facebook Media Buyer,11584000.0,1158400.0,10425600.0,READY TO PAY
PUB_142,Affiliate_Partner_PUB_142,Bronze,SEO Content Hub,6928000.0,692800.0,6235200.0,HOLD (FRAUD AUDIT)
PUB_143,Affiliate_Partner_PUB_143,Bronze,Telegram/Zalo Community,11229000.0,1122900.0,10106100.0,READY TO PAY
PUB_144,Affiliate_Partner_PUB_144,Silver,YouTube Reviewer,9925000.0,992500.0,8932500.0,READY TO PAY
PUB_145,Affiliate_Partner_PUB_145,Bronze,SEO Content Hub,12509000.0,1250900.0,11258100.0,READY TO PAY
PUB_146,Affiliate_Partner_PUB_146,Silver,Google Ads Specialist,10276000.0,1027600.0,9248400.0,READY TO PAY
PUB_147,Affiliate_Partner_PUB_147,Silver,Telegram/Zalo Community,10713000.0,1071300.0,9641700.0,READY TO PAY
PUB_148,Affiliate_Partner_PUB_148,Bronze,Facebook Media Buyer,10686000.0,1068600.0,9617400.0,READY TO PAY
PUB_149,Affiliate_Partner_PUB_149,Gold,Google Ads Specialist,10532000.0,1053200.0,9478800.0,READY TO PAY
PUB_150,Affiliate_Partner_PUB_150,Silver,Google Ads Specialist,11128000.0,1112800.0,10015200.0,READY TO PAY
PUB_151,Affiliate_Partner_PUB_151,Platinum,Google Ads Specialist,9923000.0,992300.0,8930700.0,READY TO PAY
PUB_152,Affiliate_Partner_PUB_152,Platinum,TikTok Creator,6222000.0,622200.0,5599800.0,READY TO PAY
PUB_153,Affiliate_Partner_PUB_153,Bronze,Google Ads Specialist,11276000.0,1127600.0,10148400.0,READY TO PAY
PUB_154,Affiliate_Partner_PUB_154,Bronze,YouTube Reviewer,11326000.0,1132600.0,10193400.0,READY TO PAY
PUB_155,Affiliate_Partner_PUB_155,Bronze,Google Ads Specialist,8120000.0,812000.0,7308000.0,READY TO PAY
PUB_156,Affiliate_Partner_PUB_156,Gold,Telegram/Zalo Community,8177000.0,817700.0,7359300.0,READY TO PAY
PUB_157,Affiliate_Partner_PUB_157,Gold,YouTube Reviewer,10964000.0,1096400.0,9867600.0,READY TO PAY
PUB_158,Affiliate_Partner_PUB_158,Silver,SEO Content Hub,8877000.0,887700.0,7989300.0,READY TO PAY
PUB_159,Affiliate_Partner_PUB_159,Platinum,Telegram/Zalo Community,9023000.0,902300.0,8120700.0,READY TO PAY
PUB_160,Affiliate_Partner_PUB_160,Platinum,Telegram/Zalo Community,9914000.0,991400.0,8922600.0,READY TO PAY
PUB_161,Affiliate_Partner_PUB_161,Bronze,Facebook Media Buyer,10576000.0,1057600.0,9518400.0,READY TO PAY
PUB_162,Affiliate_Partner_PUB_162,Platinum,Google Ads Specialist,10723000.0,1072300.0,9650700.0,READY TO PAY
PUB_163,Affiliate_Partner_PUB_163,Bronze,Facebook Media Buyer,8506000.0,850600.0,7655400.0,READY TO PAY
PUB_164,Affiliate_Partner_PUB_164,Silver,YouTube Reviewer,11423000.0,1142300.0,10280700.0,READY TO PAY
PUB_165,Affiliate_Partner_PUB_165,Silver,TikTok Creator,12471000.0,1247100.0,11223900.0,READY TO PAY
PUB_166,Affiliate_Partner_PUB_166,Bronze,TikTok Creator,9168000.0,916800.0,8251200.0,READY TO PAY
PUB_167,Affiliate_Partner_PUB_167,Silver,TikTok Creator,10907000.0,1090700.0,9816300.0,READY TO PAY
PUB_168,Affiliate_Partner_PUB_168,Bronze,TikTok Creator,12391000.0,1239100.0,11151900.0,READY TO PAY
PUB_169,Affiliate_Partner_PUB_169,Bronze,Google Ads Specialist,9351000.0,935100.0,8415900.0,READY TO PAY
PUB_170,Affiliate_Partner_PUB_170,Bronze,Google Ads Specialist,9733000.0,973300.0,8759700.0,READY TO PAY
PUB_171,Affiliate_Partner_PUB_171,Silver,YouTube Reviewer,10438000.0,1043800.0,9394200.0,READY TO PAY
PUB_172,Affiliate_Partner_PUB_172,Silver,Google Ads Specialist,10641000.0,1064100.0,9576900.0,READY TO PAY
PUB_173,Affiliate_Partner_PUB_173,Bronze,Telegram/Zalo Community,9102000.0,910200.0,8191800.0,READY TO PAY
PUB_174,Affiliate_Partner_PUB_174,Silver,SEO Content Hub,9873000.0,987300.0,8885700.0,READY TO PAY
PUB_175,Affiliate_Partner_PUB_175,Bronze,TikTok Creator,11188000.0,1118800.0,10069200.0,READY TO PAY
PUB_176,Affiliate_Partner_PUB_176,Platinum,Facebook Media Buyer,10176000.0,1017600.0,9158400.0,READY TO PAY
PUB_177,Affiliate_Partner_PUB_177,Bronze,Facebook Media Buyer,11208000.0,1120800.0,10087200.0,READY TO PAY
PUB_178,Affiliate_Partner_PUB_178,Bronze,Telegram/Zalo Community,10194000.0,1019400.0,9174600.0,READY TO PAY
PUB_179,Affiliate_Partner_PUB_179,Silver,SEO Content Hub,10469000.0,1046900.0,9422100.0,READY TO PAY
PUB_180,Affiliate_Partner_PUB_180,Bronze,YouTube Reviewer,9304000.0,930400.0,8373600.0,READY TO PAY
PUB_181,Affiliate_Partner_PUB_181,Bronze,Facebook Media Buyer,11410000.0,1141000.0,10269000.0,READY TO PAY
PUB_182,Affiliate_Partner_PUB_182,Bronze,Facebook Media Buyer,11447000.0,1144700.0,10302300.0,READY TO PAY
PUB_183,Affiliate_Partner_PUB_183,Bronze,Telegram/Zalo Community,11930000.0,1193000.0,10737000.0,READY TO PAY
PUB_184,Affiliate_Partner_PUB_184,Bronze,Telegram/Zalo Community,11636000.0,1163600.0,10472400.0,READY TO PAY
PUB_185,Affiliate_Partner_PUB_185,Silver,TikTok Creator,10042000.0,1004200.0,9037800.0,READY TO PAY
PUB_186,Affiliate_Partner_PUB_186,Silver,YouTube Reviewer,11115000.0,1111500.0,10003500.0,READY TO PAY
PUB_187,Affiliate_Partner_PUB_187,Bronze,Telegram/Zalo Community,9613000.0,961300.0,8651700.0,READY TO PAY
PUB_188,Affiliate_Partner_PUB_188,Bronze,Google Ads Specialist,7878000.0,787800.0,7090200.0,HOLD (FRAUD AUDIT)
PUB_189,Affiliate_Partner_PUB_189,Silver,YouTube Reviewer,9457000.0,945700.0,8511300.0,READY TO PAY
PUB_190,Affiliate_Partner_PUB_190,Silver,Facebook Media Buyer,11010000.0,1101000.0,9909000.0,READY TO PAY
PUB_191,Affiliate_Partner_PUB_191,Bronze,SEO Content Hub,10229000.0,1022900.0,9206100.0,READY TO PAY
PUB_192,Affiliate_Partner_PUB_192,Silver,TikTok Creator,10564000.0,1056400.0,9507600.0,READY TO PAY
PUB_193,Affiliate_Partner_PUB_193,Bronze,YouTube Reviewer,8554000.0,855400.0,7698600.0,READY TO PAY
PUB_194,Affiliate_Partner_PUB_194,Bronze,TikTok Creator,12191000.0,1219100.0,10971900.0,READY TO PAY
PUB_195,Affiliate_Partner_PUB_195,Bronze,Facebook Media Buyer,12119000.0,1211900.0,10907100.0,READY TO PAY
PUB_196,Affiliate_Partner_PUB_196,Bronze,Telegram/Zalo Community,11873000.0,1187300.0,10685700.0,READY TO PAY
PUB_197,Affiliate_Partner_PUB_197,Gold,YouTube Reviewer,10467000.0,1046700.0,9420300.0,READY TO PAY
PUB_198,Affiliate_Partner_PUB_198,Bronze,Telegram/Zalo Community,9562000.0,956200.0,8605800.0,READY TO PAY
PUB_199,Affiliate_Partner_PUB_199,Bronze,SEO Content Hub,10797000.0,1079700.0,9717300.0,READY TO PAY
PUB_200,Affiliate_Partner_PUB_200,Bronze,TikTok Creator,11373000.0,1137300.0,10235700.0,READY TO PAY
PUB_201,Affiliate_Partner_PUB_201,Silver,TikTok Creator,10007000.0,1000700.0,9006300.0,READY TO PAY
PUB_202,Affiliate_Partner_PUB_202,Gold,TikTok Creator,10624000.0,1062400.0,9561600.0,READY TO PAY
PUB_203,Affiliate_Partner_PUB_203,Silver,YouTube Reviewer,9857000.0,985700.0,8871300.0,READY TO PAY
PUB_204,Affiliate_Partner_PUB_204,Bronze,Telegram/Zalo Community,13612000.0,1361200.0,12250800.0,READY TO PAY
PUB_205,Affiliate_Partner_PUB_205,Silver,SEO Content Hub,9409000.0,940900.0,8468100.0,READY TO PAY
PUB_206,Affiliate_Partner_PUB_206,Silver,SEO Content Hub,12535000.0,1253500.0,11281500.0,READY TO PAY
PUB_207,Affiliate_Partner_PUB_207,Platinum,Telegram/Zalo Community,10737000.0,1073700.0,9663300.0,READY TO PAY
PUB_208,Affiliate_Partner_PUB_208,Silver,Google Ads Specialist,12032000.0,1203200.0,10828800.0,READY TO PAY
PUB_209,Affiliate_Partner_PUB_209,Bronze,TikTok Creator,9450000.0,945000.0,8505000.0,READY TO PAY
PUB_210,Affiliate_Partner_PUB_210,Silver,Telegram/Zalo Community,11469000.0,1146900.0,10322100.0,READY TO PAY
PUB_211,Affiliate_Partner_PUB_211,Gold,Google Ads Specialist,12411000.0,1241100.0,11169900.0,READY TO PAY
PUB_212,Affiliate_Partner_PUB_212,Silver,Google Ads Specialist,10833000.0,1083300.0,9749700.0,READY TO PAY
PUB_213,Affiliate_Partner_PUB_213,Bronze,TikTok Creator,11270000.0,1127000.0,10143000.0,READY TO PAY
PUB_214,Affiliate_Partner_PUB_214,Gold,YouTube Reviewer,9794000.0,979400.0,8814600.0,READY TO PAY
PUB_215,Affiliate_Partner_PUB_215,Gold,TikTok Creator,9223000.0,922300.0,8300700.0,READY TO PAY
PUB_216,Affiliate_Partner_PUB_216,Bronze,TikTok Creator,10787000.0,1078700.0,9708300.0,READY TO PAY
PUB_217,Affiliate_Partner_PUB_217,Platinum,TikTok Creator,11497000.0,1149700.0,10347300.0,READY TO PAY
PUB_218,Affiliate_Partner_PUB_218,Gold,TikTok Creator,11139000.0,1113900.0,10025100.0,READY TO PAY
PUB_219,Affiliate_Partner_PUB_219,Bronze,TikTok Creator,10494000.0,1049400.0,9444600.0,READY TO PAY
PUB_220,Affiliate_Partner_PUB_220,Silver,YouTube Reviewer,8364000.0,836400.0,7527600.0,READY TO PAY
PUB_221,Affiliate_Partner_PUB_221,Platinum,Telegram/Zalo Community,11016000.0,1101600.0,9914400.0,READY TO PAY
PUB_222,Affiliate_Partner_PUB_222,Silver,Telegram/Zalo Community,10406000.0,1040600.0,9365400.0,READY TO PAY
PUB_223,Affiliate_Partner_PUB_223,Bronze,Facebook Media Buyer,9087000.0,908700.0,8178300.0,READY TO PAY
PUB_224,Affiliate_Partner_PUB_224,Bronze,YouTube Reviewer,11518000.0,1151800.0,10366200.0,READY TO PAY
PUB_225,Affiliate_Partner_PUB_225,Bronze,Google Ads Specialist,9391000.0,939100.0,8451900.0,READY TO PAY
PUB_226,Affiliate_Partner_PUB_226,Gold,YouTube Reviewer,12232000.0,1223200.0,11008800.0,READY TO PAY
PUB_227,Affiliate_Partner_PUB_227,Bronze,Facebook Media Buyer,9362000.0,936200.0,8425800.0,READY TO PAY
PUB_228,Affiliate_Partner_PUB_228,Silver,Facebook Media Buyer,11632000.0,1163200.0,10468800.0,READY TO PAY
PUB_229,Affiliate_Partner_PUB_229,Silver,Google Ads Specialist,10588000.0,1058800.0,9529200.0,READY TO PAY
PUB_230,Affiliate_Partner_PUB_230,Silver,TikTok Creator,9613000.0,961300.0,8651700.0,READY TO PAY
PUB_231,Affiliate_Partner_PUB_231,Bronze,Google Ads Specialist,12155000.0,1215500.0,10939500.0,READY TO PAY
PUB_232,Affiliate_Partner_PUB_232,Silver,Telegram/Zalo Community,9744000.0,974400.0,8769600.0,READY TO PAY
PUB_233,Affiliate_Partner_PUB_233,Bronze,Google Ads Specialist,11194000.0,1119400.0,10074600.0,READY TO PAY
PUB_234,Affiliate_Partner_PUB_234,Platinum,SEO Content Hub,7269000.0,726900.0,6542100.0,READY TO PAY
PUB_235,Affiliate_Partner_PUB_235,Silver,Facebook Media Buyer,11502000.0,1150200.0,10351800.0,READY TO PAY
PUB_236,Affiliate_Partner_PUB_236,Bronze,Google Ads Specialist,12229000.0,1222900.0,11006100.0,READY TO PAY
PUB_237,Affiliate_Partner_PUB_237,Silver,TikTok Creator,11210000.0,1121000.0,10089000.0,READY TO PAY
PUB_238,Affiliate_Partner_PUB_238,Bronze,SEO Content Hub,10898000.0,1089800.0,9808200.0,READY TO PAY
PUB_239,Affiliate_Partner_PUB_239,Silver,Google Ads Specialist,11308000.0,1130800.0,10177200.0,READY TO PAY
PUB_240,Affiliate_Partner_PUB_240,Silver,SEO Content Hub,14277000.0,1427700.0,12849300.0,READY TO PAY
PUB_241,Affiliate_Partner_PUB_241,Bronze,TikTok Creator,9499000.0,949900.0,8549100.0,READY TO PAY
PUB_242,Affiliate_Partner_PUB_242,Silver,Facebook Media Buyer,10655000.0,1065500.0,9589500.0,READY TO PAY
PUB_243,Affiliate_Partner_PUB_243,Silver,YouTube Reviewer,9656000.0,965600.0,8690400.0,READY TO PAY
PUB_244,Affiliate_Partner_PUB_244,Bronze,Google Ads Specialist,10736000.0,1073600.0,9662400.0,READY TO PAY
PUB_245,Affiliate_Partner_PUB_245,Bronze,Google Ads Specialist,9649000.0,964900.0,8684100.0,READY TO PAY
PUB_246,Affiliate_Partner_PUB_246,Bronze,SEO Content Hub,10559000.0,1055900.0,9503100.0,READY TO PAY
PUB_247,Affiliate_Partner_PUB_247,Gold,TikTok Creator,9331000.0,933100.0,8397900.0,READY TO PAY
PUB_248,Affiliate_Partner_PUB_248,Silver,Google Ads Specialist,9344000.0,934400.0,8409600.0,READY TO PAY
PUB_249,Affiliate_Partner_PUB_249,Bronze,Facebook Media Buyer,8730000.0,873000.0,7857000.0,READY TO PAY
PUB_250,Affiliate_Partner_PUB_250,Bronze,Telegram/Zalo Community,10019000.0,1001900.0,9017100.0,READY TO PAY
