offer_id,offer_name,vertical,payout_model,advertiser_name,advertiser_revenue_vnd,publisher_payout_vnd,expected_approval_rate
OFF_FIN_01,VPBank StepUp Credit Card,Finance & Banking,CPA,VPBank,420000,310000,0.58
OFF_FIN_02,Techcombank eKYC Digital Account,Finance & Banking,CPA,Techcombank,130000,95000,0.75
OFF_FIN_03,Cake by VPBank Digital Card,Finance & Banking,CPA,Cake Digital,145000,105000,0.72
OFF_FIN_04,VIB Financial Super Card,Finance & Banking,CPA,VIB Bank,480000,350000,0.52
OFF_FIN_05,MBBank App Open Account,Finance & Banking,CPA,MBBank,110000,80000,0.8
OFF_FIN_06,Mirae Asset Easy Consumer Loan,Finance & Banking,CPL,Mirae Asset,290000,210000,0.45
OFF_FIN_07,Shinhan Finance Personal Loan,Finance & Banking,CPL,Shinhan Finance,320000,230000,0.42
OFF_FIN_08,TPBank EVO Credit Card,Finance & Banking,CPA,TPBank,400000,290000,0.55
OFF_CPO_01,GlowUp Whitening Serum,Beauty & Cosmetics,CPO,Aura Dermacare,310000,220000,0.68
OFF_CPO_02,SlimFit Herbal Detox Capsule,Health & Wellness,CPO,VitaHealth VN,280000,195000,0.65
OFF_CPO_03,K-Collagen Youth Booster,Beauty & Cosmetics,CPO,Seoul Miracle,330000,240000,0.7
OFF_CPO_04,Cordyceps Natural Tonic,Health & Wellness,CPO,BioPharm VN,350000,250000,0.62
OFF_CPO_05,AcneClear Rapid Treatment,Beauty & Cosmetics,CPO,DermaLab,260000,180000,0.66
OFF_CPS_01,Shopee Mega Campaign Deals,E-commerce,CPS,Shopee VN,75000,50000,0.88
OFF_CPS_02,TikTok Shop High Commission Picks,E-commerce,CPS,TikTok Shop MCN,90000,65000,0.85
OFF_CPI_01,FinGo Personal Budgeting App,Mobile Apps,CPI,FinTech Lab,45000,30000,0.9
